﻿<?xml version="1.0" encoding="utf-8" standalone="yes"?>
<!--Created by Sigma Conso, Powered by IRIS Carbon-->
<link:linkbase xmlns:xbrldt="http://xbrl.org/2005/xbrldt" xmlns:xsd="http://www.w3.org/2001/XMLSchema" xmlns:xl="http://www.xbrl.org/2003/XLink" xmlns:link="http://www.xbrl.org/2003/linkbase" xmlns:xbrli="http://www.xbrl.org/2003/instance" xmlns:xsi="http://www.w3.org/2001/XMLSchema-instance" xmlns:xlink="http://www.w3.org/1999/xlink" xsi:schemaLocation="http://www.xbrl.org/2003/linkbase http://www.xbrl.org/2003/xbrl-linkbase-2003-12-31.xsd">
  <link:roleRef roleURI="http://www.bpost.be/xbrl/role/Consolidatedstatementofchangesinequity" xlink:type="simple" xlink:href="529900CQ5X4PTEPSZW88-2020-12-31.xsd#Consolidatedstatementofchangesinequity" />
  <link:roleRef roleURI="http://www.bpost.be/xbrl/role/Consolidatedstatementofcomprehensiveincome" xlink:type="simple" xlink:href="529900CQ5X4PTEPSZW88-2020-12-31.xsd#Consolidatedstatementofcomprehensiveincome" />
  <link:roleRef roleURI="http://www.bpost.be/xbrl/role/ConsolidatedstatementofchangesinequityDistributionsMadeandProposed" xlink:type="simple" xlink:href="529900CQ5X4PTEPSZW88-2020-12-31.xsd#ConsolidatedstatementofchangesinequityDistributionsMadeandProposed" />
  <link:roleRef roleURI="http://www.bpost.be/xbrl/role/ConsolidatedIncomeStatement" xlink:type="simple" xlink:href="529900CQ5X4PTEPSZW88-2020-12-31.xsd#ConsolidatedIncomeStatement" />
  <link:roleRef roleURI="http://www.bpost.be/xbrl/role/Consolidatedstatementofcashflows" xlink:type="simple" xlink:href="529900CQ5X4PTEPSZW88-2020-12-31.xsd#Consolidatedstatementofcashflows" />
  <link:roleRef roleURI="http://www.bpost.be/xbrl/role/Consolidatedstatementfinancialposition" xlink:type="simple" xlink:href="529900CQ5X4PTEPSZW88-2020-12-31.xsd#Consolidatedstatementfinancialposition" />
  <link:roleRef roleURI="http://www.bpost.be/xbrl/role/MandatoryTags" xlink:type="simple" xlink:href="529900CQ5X4PTEPSZW88-2020-12-31.xsd#MandatoryTags" />
  <link:roleRef roleURI="http://www.bpost.be/xbrl/role/ConsolidatedstatementofcomprehensiveincomeParenthetical" xlink:type="simple" xlink:href="529900CQ5X4PTEPSZW88-2020-12-31.xsd#ConsolidatedstatementofcomprehensiveincomeParenthetical" />
  <link:roleRef roleURI="http://www.bpost.be/xbrl/role/ConsolidatedstatementofchangesinequityShareholdingofbpost" xlink:type="simple" xlink:href="529900CQ5X4PTEPSZW88-2020-12-31.xsd#ConsolidatedstatementofchangesinequityShareholdingofbpost" />
  <link:calculationLink xlink:type="extended" xlink:role="http://www.bpost.be/xbrl/role/Consolidatedstatementofchangesinequity">
    <link:loc xlink:type="locator" xlink:href="http://xbrl.ifrs.org/taxonomy/2020-03-16/full_ifrs/full_ifrs-cor_2020-03-16.xsd#ifrs-full_ComprehensiveIncome" xlink:label="ifrs-full_ComprehensiveIncome" xlink:title="ifrs-full_ComprehensiveIncome" />
    <link:loc xlink:type="locator" xlink:href="http://xbrl.ifrs.org/taxonomy/2020-03-16/full_ifrs/full_ifrs-cor_2020-03-16.xsd#ifrs-full_ProfitLoss" xlink:label="ifrs-full_ProfitLoss" xlink:title="ifrs-full_ProfitLoss" />
    <link:calculationArc xlink:type="arc" xlink:arcrole="http://www.xbrl.org/2003/arcrole/summation-item" xlink:from="ifrs-full_ComprehensiveIncome" xlink:to="ifrs-full_ProfitLoss" xlink:title="Calculation : ifrs-full_ComprehensiveIncome to ifrs-full_ProfitLoss" order="0" weight="1" use="optional" />
    <link:loc xlink:type="locator" xlink:href="http://xbrl.ifrs.org/taxonomy/2020-03-16/full_ifrs/full_ifrs-cor_2020-03-16.xsd#ifrs-full_OtherComprehensiveIncome" xlink:label="ifrs-full_OtherComprehensiveIncome" xlink:title="ifrs-full_OtherComprehensiveIncome" />
    <link:calculationArc xlink:type="arc" xlink:arcrole="http://www.xbrl.org/2003/arcrole/summation-item" xlink:from="ifrs-full_ComprehensiveIncome" xlink:to="ifrs-full_OtherComprehensiveIncome" xlink:title="Calculation : ifrs-full_ComprehensiveIncome to ifrs-full_OtherComprehensiveIncome" order="1" weight="1" use="optional" />
  </link:calculationLink>
  <link:calculationLink xlink:type="extended" xlink:role="http://www.bpost.be/xbrl/role/Consolidatedstatementofcomprehensiveincome">
    <link:loc xlink:type="locator" xlink:href="http://xbrl.ifrs.org/taxonomy/2020-03-16/full_ifrs/full_ifrs-cor_2020-03-16.xsd#ifrs-full_ComprehensiveIncome" xlink:label="ifrs-full_ComprehensiveIncome" xlink:title="ifrs-full_ComprehensiveIncome" />
    <link:loc xlink:type="locator" xlink:href="http://xbrl.ifrs.org/taxonomy/2020-03-16/full_ifrs/full_ifrs-cor_2020-03-16.xsd#ifrs-full_ProfitLoss" xlink:label="ifrs-full_ProfitLoss" xlink:title="ifrs-full_ProfitLoss" />
    <link:calculationArc xlink:type="arc" xlink:arcrole="http://www.xbrl.org/2003/arcrole/summation-item" xlink:from="ifrs-full_ComprehensiveIncome" xlink:to="ifrs-full_ProfitLoss" xlink:title="Calculation : ifrs-full_ComprehensiveIncome to ifrs-full_ProfitLoss" order="0" weight="1" use="optional" />
    <link:loc xlink:type="locator" xlink:href="http://xbrl.ifrs.org/taxonomy/2020-03-16/full_ifrs/full_ifrs-cor_2020-03-16.xsd#ifrs-full_OtherComprehensiveIncome" xlink:label="ifrs-full_OtherComprehensiveIncome" xlink:title="ifrs-full_OtherComprehensiveIncome" />
    <link:calculationArc xlink:type="arc" xlink:arcrole="http://www.xbrl.org/2003/arcrole/summation-item" xlink:from="ifrs-full_ComprehensiveIncome" xlink:to="ifrs-full_OtherComprehensiveIncome" xlink:title="Calculation : ifrs-full_ComprehensiveIncome to ifrs-full_OtherComprehensiveIncome" order="1" weight="1" use="optional" />
    <link:loc xlink:type="locator" xlink:href="http://xbrl.ifrs.org/taxonomy/2020-03-16/full_ifrs/full_ifrs-cor_2020-03-16.xsd#ifrs-full_OtherComprehensiveIncomeThatWillBeReclassifiedToProfitOrLossNetOfTax" xlink:label="ifrs-full_OtherComprehensiveIncomeThatWillBeReclassifiedToProfitOrLossNetOfTax" xlink:title="ifrs-full_OtherComprehensiveIncomeThatWillBeReclassifiedToProfitOrLossNetOfTax" />
    <link:calculationArc xlink:type="arc" xlink:arcrole="http://www.xbrl.org/2003/arcrole/summation-item" xlink:from="ifrs-full_OtherComprehensiveIncome" xlink:to="ifrs-full_OtherComprehensiveIncomeThatWillBeReclassifiedToProfitOrLossNetOfTax" xlink:title="Calculation : ifrs-full_OtherComprehensiveIncome to ifrs-full_OtherComprehensiveIncomeThatWillBeReclassifiedToProfitOrLossNetOfTax" order="0" weight="1" use="optional" />
    <link:loc xlink:type="locator" xlink:href="http://xbrl.ifrs.org/taxonomy/2020-03-16/full_ifrs/full_ifrs-cor_2020-03-16.xsd#ifrs-full_ShareOfOtherComprehensiveIncomeOfAssociatesAndJointVenturesAccountedForUsingEquityMethodThatWillBeReclassifiedToProfitOrLossNetOfTax" xlink:label="ifrs-full_ShareOfOtherComprehensiveIncomeOfAssociatesAndJointVenturesAccountedForUsingEquityMethodThatWillBeReclassifiedToProfitOrLossNetOfTax" xlink:title="ifrs-full_ShareOfOtherComprehensiveIncomeOfAssociatesAndJointVenturesAccountedForUsingEquityMethodThatWillBeReclassifiedToProfitOrLossNetOfTax" />
    <link:calculationArc xlink:type="arc" xlink:arcrole="http://www.xbrl.org/2003/arcrole/summation-item" xlink:from="ifrs-full_OtherComprehensiveIncomeThatWillBeReclassifiedToProfitOrLossNetOfTax" xlink:to="ifrs-full_ShareOfOtherComprehensiveIncomeOfAssociatesAndJointVenturesAccountedForUsingEquityMethodThatWillBeReclassifiedToProfitOrLossNetOfTax" xlink:title="Calculation : ifrs-full_OtherComprehensiveIncomeThatWillBeReclassifiedToProfitOrLossNetOfTax to ifrs-full_ShareOfOtherComprehensiveIncomeOfAssociatesAndJointVenturesAccountedForUsingEquityMethodThatWillBeReclassifiedToProfitOrLossNetOfTax" order="0" weight="1" use="optional" />
    <link:loc xlink:type="locator" xlink:href="http://xbrl.ifrs.org/taxonomy/2020-03-16/full_ifrs/full_ifrs-cor_2020-03-16.xsd#ifrs-full_ShareOfOtherComprehensiveIncomeOfAssociatesAndJointVenturesAccountedForUsingEquityMethodThatWillBeReclassifiedToProfitOrLossBeforeTax" xlink:label="ifrs-full_ShareOfOtherComprehensiveIncomeOfAssociatesAndJointVenturesAccountedForUsingEquityMethodThatWillBeReclassifiedToProfitOrLossBeforeTax" xlink:title="ifrs-full_ShareOfOtherComprehensiveIncomeOfAssociatesAndJointVenturesAccountedForUsingEquityMethodThatWillBeReclassifiedToProfitOrLossBeforeTax" />
    <link:calculationArc xlink:type="arc" xlink:arcrole="http://www.xbrl.org/2003/arcrole/summation-item" xlink:from="ifrs-full_ShareOfOtherComprehensiveIncomeOfAssociatesAndJointVenturesAccountedForUsingEquityMethodThatWillBeReclassifiedToProfitOrLossNetOfTax" xlink:to="ifrs-full_ShareOfOtherComprehensiveIncomeOfAssociatesAndJointVenturesAccountedForUsingEquityMethodThatWillBeReclassifiedToProfitOrLossBeforeTax" xlink:title="Calculation : ifrs-full_ShareOfOtherComprehensiveIncomeOfAssociatesAndJointVenturesAccountedForUsingEquityMethodThatWillBeReclassifiedToProfitOrLossNetOfTax to ifrs-full_ShareOfOtherComprehensiveIncomeOfAssociatesAndJointVenturesAccountedForUsingEquityMethodThatWillBeReclassifiedToProfitOrLossBeforeTax" order="0" weight="1" use="optional" />
    <link:loc xlink:type="locator" xlink:href="http://xbrl.ifrs.org/taxonomy/2020-03-16/full_ifrs/full_ifrs-cor_2020-03-16.xsd#ifrs-full_IncomeTaxRelatingToShareOfOtherComprehensiveIncomeOfAssociatesAndJointVenturesAccountedForUsingEquityMethodThatWillBeReclassifiedToProfitOrLoss" xlink:label="ifrs-full_IncomeTaxRelatingToShareOfOtherComprehensiveIncomeOfAssociatesAndJointVenturesAccountedForUsingEquityMethodThatWillBeReclassifiedToProfitOrLoss" xlink:title="ifrs-full_IncomeTaxRelatingToShareOfOtherComprehensiveIncomeOfAssociatesAndJointVenturesAccountedForUsingEquityMethodThatWillBeReclassifiedToProfitOrLoss" />
    <link:calculationArc xlink:type="arc" xlink:arcrole="http://www.xbrl.org/2003/arcrole/summation-item" xlink:from="ifrs-full_ShareOfOtherComprehensiveIncomeOfAssociatesAndJointVenturesAccountedForUsingEquityMethodThatWillBeReclassifiedToProfitOrLossNetOfTax" xlink:to="ifrs-full_IncomeTaxRelatingToShareOfOtherComprehensiveIncomeOfAssociatesAndJointVenturesAccountedForUsingEquityMethodThatWillBeReclassifiedToProfitOrLoss" xlink:title="Calculation : ifrs-full_ShareOfOtherComprehensiveIncomeOfAssociatesAndJointVenturesAccountedForUsingEquityMethodThatWillBeReclassifiedToProfitOrLossNetOfTax to ifrs-full_IncomeTaxRelatingToShareOfOtherComprehensiveIncomeOfAssociatesAndJointVenturesAccountedForUsingEquityMethodThatWillBeReclassifiedToProfitOrLoss" order="1" weight="-1" use="optional" />
    <link:loc xlink:type="locator" xlink:href="http://xbrl.ifrs.org/taxonomy/2020-03-16/full_ifrs/full_ifrs-cor_2020-03-16.xsd#ifrs-full_OtherComprehensiveIncomeNetOfTaxExchangeDifferencesOnTranslation" xlink:label="ifrs-full_OtherComprehensiveIncomeNetOfTaxExchangeDifferencesOnTranslation" xlink:title="ifrs-full_OtherComprehensiveIncomeNetOfTaxExchangeDifferencesOnTranslation" />
    <link:calculationArc xlink:type="arc" xlink:arcrole="http://www.xbrl.org/2003/arcrole/summation-item" xlink:from="ifrs-full_OtherComprehensiveIncomeThatWillBeReclassifiedToProfitOrLossNetOfTax" xlink:to="ifrs-full_OtherComprehensiveIncomeNetOfTaxExchangeDifferencesOnTranslation" xlink:title="Calculation : ifrs-full_OtherComprehensiveIncomeThatWillBeReclassifiedToProfitOrLossNetOfTax to ifrs-full_OtherComprehensiveIncomeNetOfTaxExchangeDifferencesOnTranslation" order="1" weight="1" use="optional" />
    <link:loc xlink:type="locator" xlink:href="http://xbrl.ifrs.org/taxonomy/2020-03-16/full_ifrs/full_ifrs-cor_2020-03-16.xsd#ifrs-full_GainsLossesOnHedgesOfNetInvestmentsInForeignOperationsNetOfTax" xlink:label="ifrs-full_GainsLossesOnHedgesOfNetInvestmentsInForeignOperationsNetOfTax" xlink:title="ifrs-full_GainsLossesOnHedgesOfNetInvestmentsInForeignOperationsNetOfTax" />
    <link:calculationArc xlink:type="arc" xlink:arcrole="http://www.xbrl.org/2003/arcrole/summation-item" xlink:from="ifrs-full_OtherComprehensiveIncomeThatWillBeReclassifiedToProfitOrLossNetOfTax" xlink:to="ifrs-full_GainsLossesOnHedgesOfNetInvestmentsInForeignOperationsNetOfTax" xlink:title="Calculation : ifrs-full_OtherComprehensiveIncomeThatWillBeReclassifiedToProfitOrLossNetOfTax to ifrs-full_GainsLossesOnHedgesOfNetInvestmentsInForeignOperationsNetOfTax" order="2" weight="1" use="optional" />
    <link:loc xlink:type="locator" xlink:href="http://xbrl.ifrs.org/taxonomy/2020-03-16/full_ifrs/full_ifrs-cor_2020-03-16.xsd#ifrs-full_GainsLossesOnCashFlowHedgesNetOfTax" xlink:label="ifrs-full_GainsLossesOnCashFlowHedgesNetOfTax" xlink:title="ifrs-full_GainsLossesOnCashFlowHedgesNetOfTax" />
    <link:calculationArc xlink:type="arc" xlink:arcrole="http://www.xbrl.org/2003/arcrole/summation-item" xlink:from="ifrs-full_OtherComprehensiveIncomeThatWillBeReclassifiedToProfitOrLossNetOfTax" xlink:to="ifrs-full_GainsLossesOnCashFlowHedgesNetOfTax" xlink:title="Calculation : ifrs-full_OtherComprehensiveIncomeThatWillBeReclassifiedToProfitOrLossNetOfTax to ifrs-full_GainsLossesOnCashFlowHedgesNetOfTax" order="3" weight="1" use="optional" />
    <link:loc xlink:type="locator" xlink:href="http://xbrl.ifrs.org/taxonomy/2020-03-16/full_ifrs/full_ifrs-cor_2020-03-16.xsd#ifrs-full_GainsLossesOnCashFlowHedgesBeforeTax" xlink:label="ifrs-full_GainsLossesOnCashFlowHedgesBeforeTax" xlink:title="ifrs-full_GainsLossesOnCashFlowHedgesBeforeTax" />
    <link:calculationArc xlink:type="arc" xlink:arcrole="http://www.xbrl.org/2003/arcrole/summation-item" xlink:from="ifrs-full_GainsLossesOnCashFlowHedgesNetOfTax" xlink:to="ifrs-full_GainsLossesOnCashFlowHedgesBeforeTax" xlink:title="Calculation : ifrs-full_GainsLossesOnCashFlowHedgesNetOfTax to ifrs-full_GainsLossesOnCashFlowHedgesBeforeTax" order="0" weight="1" use="optional" />
    <link:loc xlink:type="locator" xlink:href="http://xbrl.ifrs.org/taxonomy/2020-03-16/full_ifrs/full_ifrs-cor_2020-03-16.xsd#ifrs-full_IncomeTaxRelatingToCashFlowHedgesOfOtherComprehensiveIncome" xlink:label="ifrs-full_IncomeTaxRelatingToCashFlowHedgesOfOtherComprehensiveIncome" xlink:title="ifrs-full_IncomeTaxRelatingToCashFlowHedgesOfOtherComprehensiveIncome" />
    <link:calculationArc xlink:type="arc" xlink:arcrole="http://www.xbrl.org/2003/arcrole/summation-item" xlink:from="ifrs-full_GainsLossesOnCashFlowHedgesNetOfTax" xlink:to="ifrs-full_IncomeTaxRelatingToCashFlowHedgesOfOtherComprehensiveIncome" xlink:title="Calculation : ifrs-full_GainsLossesOnCashFlowHedgesNetOfTax to ifrs-full_IncomeTaxRelatingToCashFlowHedgesOfOtherComprehensiveIncome" order="1" weight="-1" use="optional" />
    <link:loc xlink:type="locator" xlink:href="http://xbrl.ifrs.org/taxonomy/2020-03-16/full_ifrs/full_ifrs-cor_2020-03-16.xsd#ifrs-full_OtherComprehensiveIncomeThatWillNotBeReclassifiedToProfitOrLossNetOfTax" xlink:label="ifrs-full_OtherComprehensiveIncomeThatWillNotBeReclassifiedToProfitOrLossNetOfTax" xlink:title="ifrs-full_OtherComprehensiveIncomeThatWillNotBeReclassifiedToProfitOrLossNetOfTax" />
    <link:calculationArc xlink:type="arc" xlink:arcrole="http://www.xbrl.org/2003/arcrole/summation-item" xlink:from="ifrs-full_OtherComprehensiveIncome" xlink:to="ifrs-full_OtherComprehensiveIncomeThatWillNotBeReclassifiedToProfitOrLossNetOfTax" xlink:title="Calculation : ifrs-full_OtherComprehensiveIncome to ifrs-full_OtherComprehensiveIncomeThatWillNotBeReclassifiedToProfitOrLossNetOfTax" order="1" weight="1" use="optional" />
    <link:loc xlink:type="locator" xlink:href="http://xbrl.ifrs.org/taxonomy/2020-03-16/full_ifrs/full_ifrs-cor_2020-03-16.xsd#ifrs-full_OtherComprehensiveIncomeNetOfTaxGainsLossesOnRemeasurementsOfDefinedBenefitPlans" xlink:label="ifrs-full_OtherComprehensiveIncomeNetOfTaxGainsLossesOnRemeasurementsOfDefinedBenefitPlans" xlink:title="ifrs-full_OtherComprehensiveIncomeNetOfTaxGainsLossesOnRemeasurementsOfDefinedBenefitPlans" />
    <link:calculationArc xlink:type="arc" xlink:arcrole="http://www.xbrl.org/2003/arcrole/summation-item" xlink:from="ifrs-full_OtherComprehensiveIncomeThatWillNotBeReclassifiedToProfitOrLossNetOfTax" xlink:to="ifrs-full_OtherComprehensiveIncomeNetOfTaxGainsLossesOnRemeasurementsOfDefinedBenefitPlans" xlink:title="Calculation : ifrs-full_OtherComprehensiveIncomeThatWillNotBeReclassifiedToProfitOrLossNetOfTax to ifrs-full_OtherComprehensiveIncomeNetOfTaxGainsLossesOnRemeasurementsOfDefinedBenefitPlans" order="0" weight="1" use="optional" />
    <link:loc xlink:type="locator" xlink:href="http://xbrl.ifrs.org/taxonomy/2020-03-16/full_ifrs/full_ifrs-cor_2020-03-16.xsd#ifrs-full_OtherComprehensiveIncomeBeforeTaxGainsLossesOnRemeasurementsOfDefinedBenefitPlans" xlink:label="ifrs-full_OtherComprehensiveIncomeBeforeTaxGainsLossesOnRemeasurementsOfDefinedBenefitPlans" xlink:title="ifrs-full_OtherComprehensiveIncomeBeforeTaxGainsLossesOnRemeasurementsOfDefinedBenefitPlans" />
    <link:calculationArc xlink:type="arc" xlink:arcrole="http://www.xbrl.org/2003/arcrole/summation-item" xlink:from="ifrs-full_OtherComprehensiveIncomeNetOfTaxGainsLossesOnRemeasurementsOfDefinedBenefitPlans" xlink:to="ifrs-full_OtherComprehensiveIncomeBeforeTaxGainsLossesOnRemeasurementsOfDefinedBenefitPlans" xlink:title="Calculation : ifrs-full_OtherComprehensiveIncomeNetOfTaxGainsLossesOnRemeasurementsOfDefinedBenefitPlans to ifrs-full_OtherComprehensiveIncomeBeforeTaxGainsLossesOnRemeasurementsOfDefinedBenefitPlans" order="0" weight="1" use="optional" />
    <link:loc xlink:type="locator" xlink:href="http://xbrl.ifrs.org/taxonomy/2020-03-16/full_ifrs/full_ifrs-cor_2020-03-16.xsd#ifrs-full_IncomeTaxRelatingToRemeasurementsOfDefinedBenefitPlansOfOtherComprehensiveIncome" xlink:label="ifrs-full_IncomeTaxRelatingToRemeasurementsOfDefinedBenefitPlansOfOtherComprehensiveIncome" xlink:title="ifrs-full_IncomeTaxRelatingToRemeasurementsOfDefinedBenefitPlansOfOtherComprehensiveIncome" />
    <link:calculationArc xlink:type="arc" xlink:arcrole="http://www.xbrl.org/2003/arcrole/summation-item" xlink:from="ifrs-full_OtherComprehensiveIncomeNetOfTaxGainsLossesOnRemeasurementsOfDefinedBenefitPlans" xlink:to="ifrs-full_IncomeTaxRelatingToRemeasurementsOfDefinedBenefitPlansOfOtherComprehensiveIncome" xlink:title="Calculation : ifrs-full_OtherComprehensiveIncomeNetOfTaxGainsLossesOnRemeasurementsOfDefinedBenefitPlans to ifrs-full_IncomeTaxRelatingToRemeasurementsOfDefinedBenefitPlansOfOtherComprehensiveIncome" order="1" weight="-1" use="optional" />
  </link:calculationLink>
  <link:calculationLink xlink:type="extended" xlink:role="http://www.bpost.be/xbrl/role/ConsolidatedstatementofchangesinequityDistributionsMadeandProposed">
    <link:loc xlink:type="locator" xlink:href="http://xbrl.ifrs.org/taxonomy/2020-03-16/full_ifrs/full_ifrs-cor_2020-03-16.xsd#ifrs-full_DividendsPaidOrdinaryShares" xlink:label="ifrs-full_DividendsPaidOrdinaryShares" xlink:title="ifrs-full_DividendsPaidOrdinaryShares" />
    <link:loc xlink:type="locator" xlink:href="529900CQ5X4PTEPSZW88-2020-12-31.xsd#bpost_FinalDividendPaidForPriorYear" xlink:label="bpost_FinalDividendPaidForPriorYear" xlink:title="bpost_FinalDividendPaidForPriorYear" />
    <link:calculationArc xlink:type="arc" xlink:arcrole="http://www.xbrl.org/2003/arcrole/summation-item" xlink:from="ifrs-full_DividendsPaidOrdinaryShares" xlink:to="bpost_FinalDividendPaidForPriorYear" xlink:title="Calculation : ifrs-full_DividendsPaidOrdinaryShares to bpost_FinalDividendPaidForPriorYear" order="0" weight="1" />
    <link:loc xlink:type="locator" xlink:href="529900CQ5X4PTEPSZW88-2020-12-31.xsd#bpost_InterimDividendPaid" xlink:label="bpost_InterimDividendPaid" xlink:title="bpost_InterimDividendPaid" />
    <link:calculationArc xlink:type="arc" xlink:arcrole="http://www.xbrl.org/2003/arcrole/summation-item" xlink:from="ifrs-full_DividendsPaidOrdinaryShares" xlink:to="bpost_InterimDividendPaid" xlink:title="Calculation : ifrs-full_DividendsPaidOrdinaryShares to bpost_InterimDividendPaid" order="1" weight="1" />
  </link:calculationLink>
  <link:calculationLink xlink:type="extended" xlink:role="http://www.bpost.be/xbrl/role/ConsolidatedIncomeStatement">
    <link:loc xlink:type="locator" xlink:href="http://xbrl.ifrs.org/taxonomy/2020-03-16/full_ifrs/full_ifrs-cor_2020-03-16.xsd#ifrs-full_ProfitLoss" xlink:label="ifrs-full_ProfitLoss" xlink:title="ifrs-full_ProfitLoss" />
    <link:loc xlink:type="locator" xlink:href="http://xbrl.ifrs.org/taxonomy/2020-03-16/full_ifrs/full_ifrs-cor_2020-03-16.xsd#ifrs-full_ProfitLossFromContinuingOperations" xlink:label="ifrs-full_ProfitLossFromContinuingOperations" xlink:title="ifrs-full_ProfitLossFromContinuingOperations" />
    <link:calculationArc xlink:type="arc" xlink:arcrole="http://www.xbrl.org/2003/arcrole/summation-item" xlink:from="ifrs-full_ProfitLoss" xlink:to="ifrs-full_ProfitLossFromContinuingOperations" xlink:title="Calculation : ifrs-full_ProfitLoss to ifrs-full_ProfitLossFromContinuingOperations" order="0" weight="1" use="optional" />
    <link:loc xlink:type="locator" xlink:href="http://xbrl.ifrs.org/taxonomy/2020-03-16/full_ifrs/full_ifrs-cor_2020-03-16.xsd#ifrs-full_ProfitLossBeforeTax" xlink:label="ifrs-full_ProfitLossBeforeTax" xlink:title="ifrs-full_ProfitLossBeforeTax" />
    <link:calculationArc xlink:type="arc" xlink:arcrole="http://www.xbrl.org/2003/arcrole/summation-item" xlink:from="ifrs-full_ProfitLossFromContinuingOperations" xlink:to="ifrs-full_ProfitLossBeforeTax" xlink:title="Calculation : ifrs-full_ProfitLossFromContinuingOperations to ifrs-full_ProfitLossBeforeTax" order="0" weight="1" use="optional" />
    <link:loc xlink:type="locator" xlink:href="http://xbrl.ifrs.org/taxonomy/2020-03-16/full_ifrs/full_ifrs-cor_2020-03-16.xsd#ifrs-full_ProfitLossFromOperatingActivities" xlink:label="ifrs-full_ProfitLossFromOperatingActivities" xlink:title="ifrs-full_ProfitLossFromOperatingActivities" />
    <link:calculationArc xlink:type="arc" xlink:arcrole="http://www.xbrl.org/2003/arcrole/summation-item" xlink:from="ifrs-full_ProfitLossBeforeTax" xlink:to="ifrs-full_ProfitLossFromOperatingActivities" xlink:title="Calculation : ifrs-full_ProfitLossBeforeTax to ifrs-full_ProfitLossFromOperatingActivities" order="0" weight="1" use="optional" />
    <link:loc xlink:type="locator" xlink:href="http://xbrl.ifrs.org/taxonomy/2020-03-16/full_ifrs/full_ifrs-cor_2020-03-16.xsd#ifrs-full_RevenueAndOperatingIncome" xlink:label="ifrs-full_RevenueAndOperatingIncome" xlink:title="ifrs-full_RevenueAndOperatingIncome" />
    <link:calculationArc xlink:type="arc" xlink:arcrole="http://www.xbrl.org/2003/arcrole/summation-item" xlink:from="ifrs-full_ProfitLossFromOperatingActivities" xlink:to="ifrs-full_RevenueAndOperatingIncome" xlink:title="Calculation : ifrs-full_ProfitLossFromOperatingActivities to ifrs-full_RevenueAndOperatingIncome" order="0" weight="1" use="optional" />
    <link:loc xlink:type="locator" xlink:href="http://xbrl.ifrs.org/taxonomy/2020-03-16/full_ifrs/full_ifrs-cor_2020-03-16.xsd#ifrs-full_Revenue" xlink:label="ifrs-full_Revenue" xlink:title="ifrs-full_Revenue" />
    <link:calculationArc xlink:type="arc" xlink:arcrole="http://www.xbrl.org/2003/arcrole/summation-item" xlink:from="ifrs-full_RevenueAndOperatingIncome" xlink:to="ifrs-full_Revenue" xlink:title="Calculation : ifrs-full_RevenueAndOperatingIncome to ifrs-full_Revenue" order="0" weight="1" use="optional" />
    <link:loc xlink:type="locator" xlink:href="http://xbrl.ifrs.org/taxonomy/2020-03-16/full_ifrs/full_ifrs-cor_2020-03-16.xsd#ifrs-full_OtherIncome" xlink:label="ifrs-full_OtherIncome" xlink:title="ifrs-full_OtherIncome" />
    <link:calculationArc xlink:type="arc" xlink:arcrole="http://www.xbrl.org/2003/arcrole/summation-item" xlink:from="ifrs-full_RevenueAndOperatingIncome" xlink:to="ifrs-full_OtherIncome" xlink:title="Calculation : ifrs-full_RevenueAndOperatingIncome to ifrs-full_OtherIncome" order="1" weight="1" use="optional" />
    <link:loc xlink:type="locator" xlink:href="http://xbrl.ifrs.org/taxonomy/2020-03-16/full_ifrs/full_ifrs-cor_2020-03-16.xsd#ifrs-full_OperatingExpense" xlink:label="ifrs-full_OperatingExpense" xlink:title="ifrs-full_OperatingExpense" />
    <link:calculationArc xlink:type="arc" xlink:arcrole="http://www.xbrl.org/2003/arcrole/summation-item" xlink:from="ifrs-full_ProfitLossFromOperatingActivities" xlink:to="ifrs-full_OperatingExpense" xlink:title="Calculation : ifrs-full_ProfitLossFromOperatingActivities to ifrs-full_OperatingExpense" order="1" weight="-1" use="optional" />
    <link:loc xlink:type="locator" xlink:href="http://xbrl.ifrs.org/taxonomy/2020-03-16/full_ifrs/full_ifrs-cor_2020-03-16.xsd#ifrs-full_RawMaterialsAndConsumablesUsed" xlink:label="ifrs-full_RawMaterialsAndConsumablesUsed" xlink:title="ifrs-full_RawMaterialsAndConsumablesUsed" />
    <link:calculationArc xlink:type="arc" xlink:arcrole="http://www.xbrl.org/2003/arcrole/summation-item" xlink:from="ifrs-full_OperatingExpense" xlink:to="ifrs-full_RawMaterialsAndConsumablesUsed" xlink:title="Calculation : ifrs-full_OperatingExpense to ifrs-full_RawMaterialsAndConsumablesUsed" order="0" weight="1" use="optional" />
    <link:loc xlink:type="locator" xlink:href="http://xbrl.ifrs.org/taxonomy/2020-03-16/full_ifrs/full_ifrs-cor_2020-03-16.xsd#ifrs-full_EmployeeBenefitsExpense" xlink:label="ifrs-full_EmployeeBenefitsExpense" xlink:title="ifrs-full_EmployeeBenefitsExpense" />
    <link:calculationArc xlink:type="arc" xlink:arcrole="http://www.xbrl.org/2003/arcrole/summation-item" xlink:from="ifrs-full_OperatingExpense" xlink:to="ifrs-full_EmployeeBenefitsExpense" xlink:title="Calculation : ifrs-full_OperatingExpense to ifrs-full_EmployeeBenefitsExpense" order="1" weight="1" use="optional" />
    <link:loc xlink:type="locator" xlink:href="http://xbrl.ifrs.org/taxonomy/2020-03-16/full_ifrs/full_ifrs-cor_2020-03-16.xsd#ifrs-full_OtherExpenseByNature" xlink:label="ifrs-full_OtherExpenseByNature" xlink:title="ifrs-full_OtherExpenseByNature" />
    <link:calculationArc xlink:type="arc" xlink:arcrole="http://www.xbrl.org/2003/arcrole/summation-item" xlink:from="ifrs-full_OperatingExpense" xlink:to="ifrs-full_OtherExpenseByNature" xlink:title="Calculation : ifrs-full_OperatingExpense to ifrs-full_OtherExpenseByNature" order="2" weight="1" use="optional" />
    <link:loc xlink:type="locator" xlink:href="http://xbrl.ifrs.org/taxonomy/2020-03-16/full_ifrs/full_ifrs-cor_2020-03-16.xsd#ifrs-full_DepreciationAmortisationAndImpairmentLossReversalOfImpairmentLossRecognisedInProfitOrLoss" xlink:label="ifrs-full_DepreciationAmortisationAndImpairmentLossReversalOfImpairmentLossRecognisedInProfitOrLoss" xlink:title="ifrs-full_DepreciationAmortisationAndImpairmentLossReversalOfImpairmentLossRecognisedInProfitOrLoss" />
    <link:calculationArc xlink:type="arc" xlink:arcrole="http://www.xbrl.org/2003/arcrole/summation-item" xlink:from="ifrs-full_OperatingExpense" xlink:to="ifrs-full_DepreciationAmortisationAndImpairmentLossReversalOfImpairmentLossRecognisedInProfitOrLoss" xlink:title="Calculation : ifrs-full_OperatingExpense to ifrs-full_DepreciationAmortisationAndImpairmentLossReversalOfImpairmentLossRecognisedInProfitOrLoss" order="3" weight="1" use="optional" />
    <link:loc xlink:type="locator" xlink:href="529900CQ5X4PTEPSZW88-2020-12-31.xsd#bpost_ServicesAndOtherGoodsExpense" xlink:label="bpost_ServicesAndOtherGoodsExpense" xlink:title="bpost_ServicesAndOtherGoodsExpense" />
    <link:calculationArc xlink:type="arc" xlink:arcrole="http://www.xbrl.org/2003/arcrole/summation-item" xlink:from="ifrs-full_OperatingExpense" xlink:to="bpost_ServicesAndOtherGoodsExpense" xlink:title="Calculation : ifrs-full_OperatingExpense to bpost_ServicesAndOtherGoodsExpense" order="4" weight="1" />
    <link:loc xlink:type="locator" xlink:href="http://xbrl.ifrs.org/taxonomy/2020-03-16/full_ifrs/full_ifrs-cor_2020-03-16.xsd#ifrs-full_FinanceIncome" xlink:label="ifrs-full_FinanceIncome" xlink:title="ifrs-full_FinanceIncome" />
    <link:calculationArc xlink:type="arc" xlink:arcrole="http://www.xbrl.org/2003/arcrole/summation-item" xlink:from="ifrs-full_ProfitLossBeforeTax" xlink:to="ifrs-full_FinanceIncome" xlink:title="Calculation : ifrs-full_ProfitLossBeforeTax to ifrs-full_FinanceIncome" order="1" weight="1" use="optional" />
    <link:loc xlink:type="locator" xlink:href="http://xbrl.ifrs.org/taxonomy/2020-03-16/full_ifrs/full_ifrs-cor_2020-03-16.xsd#ifrs-full_FinanceCosts" xlink:label="ifrs-full_FinanceCosts" xlink:title="ifrs-full_FinanceCosts" />
    <link:calculationArc xlink:type="arc" xlink:arcrole="http://www.xbrl.org/2003/arcrole/summation-item" xlink:from="ifrs-full_ProfitLossBeforeTax" xlink:to="ifrs-full_FinanceCosts" xlink:title="Calculation : ifrs-full_ProfitLossBeforeTax to ifrs-full_FinanceCosts" order="2" weight="-1" use="optional" />
    <link:loc xlink:type="locator" xlink:href="http://xbrl.ifrs.org/taxonomy/2020-03-16/full_ifrs/full_ifrs-cor_2020-03-16.xsd#ifrs-full_GainsLossesOnSubsequentIncreaseInFairValueLessCostsToSellNotInExcessOfRecognisedCumulativeImpairmentLoss" xlink:label="ifrs-full_GainsLossesOnSubsequentIncreaseInFairValueLessCostsToSellNotInExcessOfRecognisedCumulativeImpairmentLoss" xlink:title="ifrs-full_GainsLossesOnSubsequentIncreaseInFairValueLessCostsToSellNotInExcessOfRecognisedCumulativeImpairmentLoss" />
    <link:calculationArc xlink:type="arc" xlink:arcrole="http://www.xbrl.org/2003/arcrole/summation-item" xlink:from="ifrs-full_ProfitLossBeforeTax" xlink:to="ifrs-full_GainsLossesOnSubsequentIncreaseInFairValueLessCostsToSellNotInExcessOfRecognisedCumulativeImpairmentLoss" xlink:title="Calculation : ifrs-full_ProfitLossBeforeTax to ifrs-full_GainsLossesOnSubsequentIncreaseInFairValueLessCostsToSellNotInExcessOfRecognisedCumulativeImpairmentLoss" order="3" weight="1" use="optional" />
    <link:loc xlink:type="locator" xlink:href="http://xbrl.ifrs.org/taxonomy/2020-03-16/full_ifrs/full_ifrs-cor_2020-03-16.xsd#ifrs-full_ShareOfProfitLossOfAssociatesAndJointVenturesAccountedForUsingEquityMethod" xlink:label="ifrs-full_ShareOfProfitLossOfAssociatesAndJointVenturesAccountedForUsingEquityMethod" xlink:title="ifrs-full_ShareOfProfitLossOfAssociatesAndJointVenturesAccountedForUsingEquityMethod" />
    <link:calculationArc xlink:type="arc" xlink:arcrole="http://www.xbrl.org/2003/arcrole/summation-item" xlink:from="ifrs-full_ProfitLossBeforeTax" xlink:to="ifrs-full_ShareOfProfitLossOfAssociatesAndJointVenturesAccountedForUsingEquityMethod" xlink:title="Calculation : ifrs-full_ProfitLossBeforeTax to ifrs-full_ShareOfProfitLossOfAssociatesAndJointVenturesAccountedForUsingEquityMethod" order="4" weight="1" use="optional" />
    <link:loc xlink:type="locator" xlink:href="http://xbrl.ifrs.org/taxonomy/2020-03-16/full_ifrs/full_ifrs-cor_2020-03-16.xsd#ifrs-full_IncomeTaxExpenseContinuingOperations" xlink:label="ifrs-full_IncomeTaxExpenseContinuingOperations" xlink:title="ifrs-full_IncomeTaxExpenseContinuingOperations" />
    <link:calculationArc xlink:type="arc" xlink:arcrole="http://www.xbrl.org/2003/arcrole/summation-item" xlink:from="ifrs-full_ProfitLossFromContinuingOperations" xlink:to="ifrs-full_IncomeTaxExpenseContinuingOperations" xlink:title="Calculation : ifrs-full_ProfitLossFromContinuingOperations to ifrs-full_IncomeTaxExpenseContinuingOperations" order="1" weight="-1" use="optional" />
  </link:calculationLink>
  <link:calculationLink xlink:type="extended" xlink:role="http://www.bpost.be/xbrl/role/Consolidatedstatementofcashflows">
    <link:loc xlink:type="locator" xlink:href="http://xbrl.ifrs.org/taxonomy/2020-03-16/full_ifrs/full_ifrs-cor_2020-03-16.xsd#ifrs-full_IncreaseDecreaseInCashAndCashEquivalents" xlink:label="ifrs-full_IncreaseDecreaseInCashAndCashEquivalents" xlink:title="ifrs-full_IncreaseDecreaseInCashAndCashEquivalents" />
    <link:loc xlink:type="locator" xlink:href="http://xbrl.ifrs.org/taxonomy/2020-03-16/full_ifrs/full_ifrs-cor_2020-03-16.xsd#ifrs-full_IncreaseDecreaseInCashAndCashEquivalentsBeforeEffectOfExchangeRateChanges" xlink:label="ifrs-full_IncreaseDecreaseInCashAndCashEquivalentsBeforeEffectOfExchangeRateChanges" xlink:title="ifrs-full_IncreaseDecreaseInCashAndCashEquivalentsBeforeEffectOfExchangeRateChanges" />
    <link:calculationArc xlink:type="arc" xlink:arcrole="http://www.xbrl.org/2003/arcrole/summation-item" xlink:from="ifrs-full_IncreaseDecreaseInCashAndCashEquivalents" xlink:to="ifrs-full_IncreaseDecreaseInCashAndCashEquivalentsBeforeEffectOfExchangeRateChanges" xlink:title="Calculation : ifrs-full_IncreaseDecreaseInCashAndCashEquivalents to ifrs-full_IncreaseDecreaseInCashAndCashEquivalentsBeforeEffectOfExchangeRateChanges" order="0" weight="1" use="optional" />
    <link:loc xlink:type="locator" xlink:href="http://xbrl.ifrs.org/taxonomy/2020-03-16/full_ifrs/full_ifrs-cor_2020-03-16.xsd#ifrs-full_CashFlowsFromUsedInOperatingActivities" xlink:label="ifrs-full_CashFlowsFromUsedInOperatingActivities" xlink:title="ifrs-full_CashFlowsFromUsedInOperatingActivities" />
    <link:calculationArc xlink:type="arc" xlink:arcrole="http://www.xbrl.org/2003/arcrole/summation-item" xlink:from="ifrs-full_IncreaseDecreaseInCashAndCashEquivalentsBeforeEffectOfExchangeRateChanges" xlink:to="ifrs-full_CashFlowsFromUsedInOperatingActivities" xlink:title="Calculation : ifrs-full_IncreaseDecreaseInCashAndCashEquivalentsBeforeEffectOfExchangeRateChanges to ifrs-full_CashFlowsFromUsedInOperatingActivities" order="0" weight="1" use="optional" />
    <link:loc xlink:type="locator" xlink:href="http://xbrl.ifrs.org/taxonomy/2020-03-16/full_ifrs/full_ifrs-cor_2020-03-16.xsd#ifrs-full_CashFlowsFromUsedInOperationsBeforeChangesInWorkingCapital" xlink:label="ifrs-full_CashFlowsFromUsedInOperationsBeforeChangesInWorkingCapital" xlink:title="ifrs-full_CashFlowsFromUsedInOperationsBeforeChangesInWorkingCapital" />
    <link:calculationArc xlink:type="arc" xlink:arcrole="http://www.xbrl.org/2003/arcrole/summation-item" xlink:from="ifrs-full_CashFlowsFromUsedInOperatingActivities" xlink:to="ifrs-full_CashFlowsFromUsedInOperationsBeforeChangesInWorkingCapital" xlink:title="Calculation : ifrs-full_CashFlowsFromUsedInOperatingActivities to ifrs-full_CashFlowsFromUsedInOperationsBeforeChangesInWorkingCapital" order="0" weight="1" use="optional" />
    <link:loc xlink:type="locator" xlink:href="http://xbrl.ifrs.org/taxonomy/2020-03-16/full_ifrs/full_ifrs-cor_2020-03-16.xsd#ifrs-full_ProfitLossBeforeTax" xlink:label="ifrs-full_ProfitLossBeforeTax" xlink:title="ifrs-full_ProfitLossBeforeTax" />
    <link:calculationArc xlink:type="arc" xlink:arcrole="http://www.xbrl.org/2003/arcrole/summation-item" xlink:from="ifrs-full_CashFlowsFromUsedInOperationsBeforeChangesInWorkingCapital" xlink:to="ifrs-full_ProfitLossBeforeTax" xlink:title="Calculation : ifrs-full_CashFlowsFromUsedInOperationsBeforeChangesInWorkingCapital to ifrs-full_ProfitLossBeforeTax" order="0" weight="1" use="optional" />
    <link:loc xlink:type="locator" xlink:href="http://xbrl.ifrs.org/taxonomy/2020-03-16/full_ifrs/full_ifrs-cor_2020-03-16.xsd#ifrs-full_AdjustmentsForDepreciationAndAmortisationExpense" xlink:label="ifrs-full_AdjustmentsForDepreciationAndAmortisationExpense" xlink:title="ifrs-full_AdjustmentsForDepreciationAndAmortisationExpense" />
    <link:calculationArc xlink:type="arc" xlink:arcrole="http://www.xbrl.org/2003/arcrole/summation-item" xlink:from="ifrs-full_CashFlowsFromUsedInOperationsBeforeChangesInWorkingCapital" xlink:to="ifrs-full_AdjustmentsForDepreciationAndAmortisationExpense" xlink:title="Calculation : ifrs-full_CashFlowsFromUsedInOperationsBeforeChangesInWorkingCapital to ifrs-full_AdjustmentsForDepreciationAndAmortisationExpense" order="1" weight="1" use="optional" />
    <link:loc xlink:type="locator" xlink:href="http://xbrl.ifrs.org/taxonomy/2020-03-16/full_ifrs/full_ifrs-cor_2020-03-16.xsd#ifrs-full_AdjustmentsForImpairmentLossReversalOfImpairmentLossRecognisedInProfitOrLossTradeAndOtherReceivables" xlink:label="ifrs-full_AdjustmentsForImpairmentLossReversalOfImpairmentLossRecognisedInProfitOrLossTradeAndOtherReceivables" xlink:title="ifrs-full_AdjustmentsForImpairmentLossReversalOfImpairmentLossRecognisedInProfitOrLossTradeAndOtherReceivables" />
    <link:calculationArc xlink:type="arc" xlink:arcrole="http://www.xbrl.org/2003/arcrole/summation-item" xlink:from="ifrs-full_CashFlowsFromUsedInOperationsBeforeChangesInWorkingCapital" xlink:to="ifrs-full_AdjustmentsForImpairmentLossReversalOfImpairmentLossRecognisedInProfitOrLossTradeAndOtherReceivables" xlink:title="Calculation : ifrs-full_CashFlowsFromUsedInOperationsBeforeChangesInWorkingCapital to ifrs-full_AdjustmentsForImpairmentLossReversalOfImpairmentLossRecognisedInProfitOrLossTradeAndOtherReceivables" order="2" weight="1" use="optional" />
    <link:loc xlink:type="locator" xlink:href="http://xbrl.ifrs.org/taxonomy/2020-03-16/full_ifrs/full_ifrs-cor_2020-03-16.xsd#ifrs-full_AdjustmentsForGainLossOnDisposalsPropertyPlantAndEquipment" xlink:label="ifrs-full_AdjustmentsForGainLossOnDisposalsPropertyPlantAndEquipment" xlink:title="ifrs-full_AdjustmentsForGainLossOnDisposalsPropertyPlantAndEquipment" />
    <link:calculationArc xlink:type="arc" xlink:arcrole="http://www.xbrl.org/2003/arcrole/summation-item" xlink:from="ifrs-full_CashFlowsFromUsedInOperationsBeforeChangesInWorkingCapital" xlink:to="ifrs-full_AdjustmentsForGainLossOnDisposalsPropertyPlantAndEquipment" xlink:title="Calculation : ifrs-full_CashFlowsFromUsedInOperationsBeforeChangesInWorkingCapital to ifrs-full_AdjustmentsForGainLossOnDisposalsPropertyPlantAndEquipment" order="3" weight="-1" use="optional" />
    <link:loc xlink:type="locator" xlink:href="http://xbrl.ifrs.org/taxonomy/2020-03-16/full_ifrs/full_ifrs-cor_2020-03-16.xsd#ifrs-full_OtherAdjustmentsForNoncashItems" xlink:label="ifrs-full_OtherAdjustmentsForNoncashItems" xlink:title="ifrs-full_OtherAdjustmentsForNoncashItems" />
    <link:calculationArc xlink:type="arc" xlink:arcrole="http://www.xbrl.org/2003/arcrole/summation-item" xlink:from="ifrs-full_CashFlowsFromUsedInOperationsBeforeChangesInWorkingCapital" xlink:to="ifrs-full_OtherAdjustmentsForNoncashItems" xlink:title="Calculation : ifrs-full_CashFlowsFromUsedInOperationsBeforeChangesInWorkingCapital to ifrs-full_OtherAdjustmentsForNoncashItems" order="4" weight="1" use="optional" />
    <link:loc xlink:type="locator" xlink:href="http://xbrl.ifrs.org/taxonomy/2020-03-16/full_ifrs/full_ifrs-cor_2020-03-16.xsd#ifrs-full_AdjustmentsForIncreaseDecreaseInEmployeeBenefitLiabilities" xlink:label="ifrs-full_AdjustmentsForIncreaseDecreaseInEmployeeBenefitLiabilities" xlink:title="ifrs-full_AdjustmentsForIncreaseDecreaseInEmployeeBenefitLiabilities" />
    <link:calculationArc xlink:type="arc" xlink:arcrole="http://www.xbrl.org/2003/arcrole/summation-item" xlink:from="ifrs-full_CashFlowsFromUsedInOperationsBeforeChangesInWorkingCapital" xlink:to="ifrs-full_AdjustmentsForIncreaseDecreaseInEmployeeBenefitLiabilities" xlink:title="Calculation : ifrs-full_CashFlowsFromUsedInOperationsBeforeChangesInWorkingCapital to ifrs-full_AdjustmentsForIncreaseDecreaseInEmployeeBenefitLiabilities" order="5" weight="1" use="optional" />
    <link:loc xlink:type="locator" xlink:href="http://xbrl.ifrs.org/taxonomy/2020-03-16/full_ifrs/full_ifrs-cor_2020-03-16.xsd#ifrs-full_DividendsReceivedClassifiedAsOperatingActivities" xlink:label="ifrs-full_DividendsReceivedClassifiedAsOperatingActivities" xlink:title="ifrs-full_DividendsReceivedClassifiedAsOperatingActivities" />
    <link:calculationArc xlink:type="arc" xlink:arcrole="http://www.xbrl.org/2003/arcrole/summation-item" xlink:from="ifrs-full_CashFlowsFromUsedInOperationsBeforeChangesInWorkingCapital" xlink:to="ifrs-full_DividendsReceivedClassifiedAsOperatingActivities" xlink:title="Calculation : ifrs-full_CashFlowsFromUsedInOperationsBeforeChangesInWorkingCapital to ifrs-full_DividendsReceivedClassifiedAsOperatingActivities" order="6" weight="1" use="optional" />
    <link:loc xlink:type="locator" xlink:href="529900CQ5X4PTEPSZW88-2020-12-31.xsd#bpost_IncomeTaxesPaidRefundOnCurrentYearClassifiedAsOperatingActivities" xlink:label="bpost_IncomeTaxesPaidRefundOnCurrentYearClassifiedAsOperatingActivities" xlink:title="bpost_IncomeTaxesPaidRefundOnCurrentYearClassifiedAsOperatingActivities" />
    <link:calculationArc xlink:type="arc" xlink:arcrole="http://www.xbrl.org/2003/arcrole/summation-item" xlink:from="ifrs-full_CashFlowsFromUsedInOperationsBeforeChangesInWorkingCapital" xlink:to="bpost_IncomeTaxesPaidRefundOnCurrentYearClassifiedAsOperatingActivities" xlink:title="Calculation : ifrs-full_CashFlowsFromUsedInOperationsBeforeChangesInWorkingCapital to bpost_IncomeTaxesPaidRefundOnCurrentYearClassifiedAsOperatingActivities" order="7" weight="-1" />
    <link:loc xlink:type="locator" xlink:href="529900CQ5X4PTEPSZW88-2020-12-31.xsd#bpost_IncomeTaxesPaidRefundOnPreviousYearsClassifiedAsOperatingActivities" xlink:label="bpost_IncomeTaxesPaidRefundOnPreviousYearsClassifiedAsOperatingActivities" xlink:title="bpost_IncomeTaxesPaidRefundOnPreviousYearsClassifiedAsOperatingActivities" />
    <link:calculationArc xlink:type="arc" xlink:arcrole="http://www.xbrl.org/2003/arcrole/summation-item" xlink:from="ifrs-full_CashFlowsFromUsedInOperationsBeforeChangesInWorkingCapital" xlink:to="bpost_IncomeTaxesPaidRefundOnPreviousYearsClassifiedAsOperatingActivities" xlink:title="Calculation : ifrs-full_CashFlowsFromUsedInOperationsBeforeChangesInWorkingCapital to bpost_IncomeTaxesPaidRefundOnPreviousYearsClassifiedAsOperatingActivities" order="8" weight="-1" use="optional" />
    <link:loc xlink:type="locator" xlink:href="http://xbrl.ifrs.org/taxonomy/2020-03-16/full_ifrs/full_ifrs-cor_2020-03-16.xsd#ifrs-full_AdjustmentsForGainLossOnDisposalOfInvestmentsInSubsidiariesJointVenturesAndAssociates" xlink:label="ifrs-full_AdjustmentsForGainLossOnDisposalOfInvestmentsInSubsidiariesJointVenturesAndAssociates" xlink:title="ifrs-full_AdjustmentsForGainLossOnDisposalOfInvestmentsInSubsidiariesJointVenturesAndAssociates" />
    <link:calculationArc xlink:type="arc" xlink:arcrole="http://www.xbrl.org/2003/arcrole/summation-item" xlink:from="ifrs-full_CashFlowsFromUsedInOperationsBeforeChangesInWorkingCapital" xlink:to="ifrs-full_AdjustmentsForGainLossOnDisposalOfInvestmentsInSubsidiariesJointVenturesAndAssociates" xlink:title="Calculation : ifrs-full_CashFlowsFromUsedInOperationsBeforeChangesInWorkingCapital to ifrs-full_AdjustmentsForGainLossOnDisposalOfInvestmentsInSubsidiariesJointVenturesAndAssociates" order="9" weight="-1" use="optional" />
    <link:loc xlink:type="locator" xlink:href="http://xbrl.ifrs.org/taxonomy/2020-03-16/full_ifrs/full_ifrs-cor_2020-03-16.xsd#ifrs-full_AdjustmentsForUndistributedProfitsOfInvestmentsAccountedForUsingEquityMethod" xlink:label="ifrs-full_AdjustmentsForUndistributedProfitsOfInvestmentsAccountedForUsingEquityMethod" xlink:title="ifrs-full_AdjustmentsForUndistributedProfitsOfInvestmentsAccountedForUsingEquityMethod" />
    <link:calculationArc xlink:type="arc" xlink:arcrole="http://www.xbrl.org/2003/arcrole/summation-item" xlink:from="ifrs-full_CashFlowsFromUsedInOperationsBeforeChangesInWorkingCapital" xlink:to="ifrs-full_AdjustmentsForUndistributedProfitsOfInvestmentsAccountedForUsingEquityMethod" xlink:title="Calculation : ifrs-full_CashFlowsFromUsedInOperationsBeforeChangesInWorkingCapital to ifrs-full_AdjustmentsForUndistributedProfitsOfInvestmentsAccountedForUsingEquityMethod" order="10" weight="-1" use="optional" />
    <link:loc xlink:type="locator" xlink:href="529900CQ5X4PTEPSZW88-2020-12-31.xsd#bpost_AdjustmentsForRemeasurementOfAssetsHeldForSaleAtFairValueLessCostsToSell" xlink:label="bpost_AdjustmentsForRemeasurementOfAssetsHeldForSaleAtFairValueLessCostsToSell" xlink:title="bpost_AdjustmentsForRemeasurementOfAssetsHeldForSaleAtFairValueLessCostsToSell" />
    <link:calculationArc xlink:type="arc" xlink:arcrole="http://www.xbrl.org/2003/arcrole/summation-item" xlink:from="ifrs-full_CashFlowsFromUsedInOperationsBeforeChangesInWorkingCapital" xlink:to="bpost_AdjustmentsForRemeasurementOfAssetsHeldForSaleAtFairValueLessCostsToSell" xlink:title="Calculation : ifrs-full_CashFlowsFromUsedInOperationsBeforeChangesInWorkingCapital to bpost_AdjustmentsForRemeasurementOfAssetsHeldForSaleAtFairValueLessCostsToSell" order="11" weight="1" />
    <link:loc xlink:type="locator" xlink:href="http://xbrl.ifrs.org/taxonomy/2020-03-16/full_ifrs/full_ifrs-cor_2020-03-16.xsd#ifrs-full_AdjustmentsForDecreaseIncreaseInTradeAndOtherReceivables" xlink:label="ifrs-full_AdjustmentsForDecreaseIncreaseInTradeAndOtherReceivables" xlink:title="ifrs-full_AdjustmentsForDecreaseIncreaseInTradeAndOtherReceivables" />
    <link:calculationArc xlink:type="arc" xlink:arcrole="http://www.xbrl.org/2003/arcrole/summation-item" xlink:from="ifrs-full_CashFlowsFromUsedInOperatingActivities" xlink:to="ifrs-full_AdjustmentsForDecreaseIncreaseInTradeAndOtherReceivables" xlink:title="Calculation : ifrs-full_CashFlowsFromUsedInOperatingActivities to ifrs-full_AdjustmentsForDecreaseIncreaseInTradeAndOtherReceivables" order="1" weight="1" use="optional" />
    <link:loc xlink:type="locator" xlink:href="http://xbrl.ifrs.org/taxonomy/2020-03-16/full_ifrs/full_ifrs-cor_2020-03-16.xsd#ifrs-full_AdjustmentsForDecreaseIncreaseInInventories" xlink:label="ifrs-full_AdjustmentsForDecreaseIncreaseInInventories" xlink:title="ifrs-full_AdjustmentsForDecreaseIncreaseInInventories" />
    <link:calculationArc xlink:type="arc" xlink:arcrole="http://www.xbrl.org/2003/arcrole/summation-item" xlink:from="ifrs-full_CashFlowsFromUsedInOperatingActivities" xlink:to="ifrs-full_AdjustmentsForDecreaseIncreaseInInventories" xlink:title="Calculation : ifrs-full_CashFlowsFromUsedInOperatingActivities to ifrs-full_AdjustmentsForDecreaseIncreaseInInventories" order="2" weight="1" use="optional" />
    <link:loc xlink:type="locator" xlink:href="http://xbrl.ifrs.org/taxonomy/2020-03-16/full_ifrs/full_ifrs-cor_2020-03-16.xsd#ifrs-full_AdjustmentsForIncreaseDecreaseInTradeAndOtherPayables" xlink:label="ifrs-full_AdjustmentsForIncreaseDecreaseInTradeAndOtherPayables" xlink:title="ifrs-full_AdjustmentsForIncreaseDecreaseInTradeAndOtherPayables" />
    <link:calculationArc xlink:type="arc" xlink:arcrole="http://www.xbrl.org/2003/arcrole/summation-item" xlink:from="ifrs-full_CashFlowsFromUsedInOperatingActivities" xlink:to="ifrs-full_AdjustmentsForIncreaseDecreaseInTradeAndOtherPayables" xlink:title="Calculation : ifrs-full_CashFlowsFromUsedInOperatingActivities to ifrs-full_AdjustmentsForIncreaseDecreaseInTradeAndOtherPayables" order="3" weight="1" use="optional" />
    <link:loc xlink:type="locator" xlink:href="http://xbrl.ifrs.org/taxonomy/2020-03-16/full_ifrs/full_ifrs-cor_2020-03-16.xsd#ifrs-full_AdjustmentsForIncreaseDecreaseInDepositsFromCustomers" xlink:label="ifrs-full_AdjustmentsForIncreaseDecreaseInDepositsFromCustomers" xlink:title="ifrs-full_AdjustmentsForIncreaseDecreaseInDepositsFromCustomers" />
    <link:calculationArc xlink:type="arc" xlink:arcrole="http://www.xbrl.org/2003/arcrole/summation-item" xlink:from="ifrs-full_CashFlowsFromUsedInOperatingActivities" xlink:to="ifrs-full_AdjustmentsForIncreaseDecreaseInDepositsFromCustomers" xlink:title="Calculation : ifrs-full_CashFlowsFromUsedInOperatingActivities to ifrs-full_AdjustmentsForIncreaseDecreaseInDepositsFromCustomers" order="4" weight="1" use="optional" />
    <link:loc xlink:type="locator" xlink:href="http://xbrl.ifrs.org/taxonomy/2020-03-16/full_ifrs/full_ifrs-cor_2020-03-16.xsd#ifrs-full_AdjustmentsForProvisions" xlink:label="ifrs-full_AdjustmentsForProvisions" xlink:title="ifrs-full_AdjustmentsForProvisions" />
    <link:calculationArc xlink:type="arc" xlink:arcrole="http://www.xbrl.org/2003/arcrole/summation-item" xlink:from="ifrs-full_CashFlowsFromUsedInOperatingActivities" xlink:to="ifrs-full_AdjustmentsForProvisions" xlink:title="Calculation : ifrs-full_CashFlowsFromUsedInOperatingActivities to ifrs-full_AdjustmentsForProvisions" order="5" weight="1" use="optional" />
    <link:loc xlink:type="locator" xlink:href="http://xbrl.ifrs.org/taxonomy/2020-03-16/full_ifrs/full_ifrs-cor_2020-03-16.xsd#ifrs-full_CashFlowsFromUsedInInvestingActivities" xlink:label="ifrs-full_CashFlowsFromUsedInInvestingActivities" xlink:title="ifrs-full_CashFlowsFromUsedInInvestingActivities" />
    <link:calculationArc xlink:type="arc" xlink:arcrole="http://www.xbrl.org/2003/arcrole/summation-item" xlink:from="ifrs-full_IncreaseDecreaseInCashAndCashEquivalentsBeforeEffectOfExchangeRateChanges" xlink:to="ifrs-full_CashFlowsFromUsedInInvestingActivities" xlink:title="Calculation : ifrs-full_IncreaseDecreaseInCashAndCashEquivalentsBeforeEffectOfExchangeRateChanges to ifrs-full_CashFlowsFromUsedInInvestingActivities" order="1" weight="1" use="optional" />
    <link:loc xlink:type="locator" xlink:href="http://xbrl.ifrs.org/taxonomy/2020-03-16/full_ifrs/full_ifrs-cor_2020-03-16.xsd#ifrs-full_ProceedsFromSalesOfPropertyPlantAndEquipmentClassifiedAsInvestingActivities" xlink:label="ifrs-full_ProceedsFromSalesOfPropertyPlantAndEquipmentClassifiedAsInvestingActivities" xlink:title="ifrs-full_ProceedsFromSalesOfPropertyPlantAndEquipmentClassifiedAsInvestingActivities" />
    <link:calculationArc xlink:type="arc" xlink:arcrole="http://www.xbrl.org/2003/arcrole/summation-item" xlink:from="ifrs-full_CashFlowsFromUsedInInvestingActivities" xlink:to="ifrs-full_ProceedsFromSalesOfPropertyPlantAndEquipmentClassifiedAsInvestingActivities" xlink:title="Calculation : ifrs-full_CashFlowsFromUsedInInvestingActivities to ifrs-full_ProceedsFromSalesOfPropertyPlantAndEquipmentClassifiedAsInvestingActivities" order="0" weight="1" use="optional" />
    <link:loc xlink:type="locator" xlink:href="http://xbrl.ifrs.org/taxonomy/2020-03-16/full_ifrs/full_ifrs-cor_2020-03-16.xsd#ifrs-full_PurchaseOfPropertyPlantAndEquipmentClassifiedAsInvestingActivities" xlink:label="ifrs-full_PurchaseOfPropertyPlantAndEquipmentClassifiedAsInvestingActivities" xlink:title="ifrs-full_PurchaseOfPropertyPlantAndEquipmentClassifiedAsInvestingActivities" />
    <link:calculationArc xlink:type="arc" xlink:arcrole="http://www.xbrl.org/2003/arcrole/summation-item" xlink:from="ifrs-full_CashFlowsFromUsedInInvestingActivities" xlink:to="ifrs-full_PurchaseOfPropertyPlantAndEquipmentClassifiedAsInvestingActivities" xlink:title="Calculation : ifrs-full_CashFlowsFromUsedInInvestingActivities to ifrs-full_PurchaseOfPropertyPlantAndEquipmentClassifiedAsInvestingActivities" order="1" weight="-1" use="optional" />
    <link:loc xlink:type="locator" xlink:href="http://xbrl.ifrs.org/taxonomy/2020-03-16/full_ifrs/full_ifrs-cor_2020-03-16.xsd#ifrs-full_PurchaseOfIntangibleAssetsClassifiedAsInvestingActivities" xlink:label="ifrs-full_PurchaseOfIntangibleAssetsClassifiedAsInvestingActivities" xlink:title="ifrs-full_PurchaseOfIntangibleAssetsClassifiedAsInvestingActivities" />
    <link:calculationArc xlink:type="arc" xlink:arcrole="http://www.xbrl.org/2003/arcrole/summation-item" xlink:from="ifrs-full_CashFlowsFromUsedInInvestingActivities" xlink:to="ifrs-full_PurchaseOfIntangibleAssetsClassifiedAsInvestingActivities" xlink:title="Calculation : ifrs-full_CashFlowsFromUsedInInvestingActivities to ifrs-full_PurchaseOfIntangibleAssetsClassifiedAsInvestingActivities" order="2" weight="-1" use="optional" />
    <link:loc xlink:type="locator" xlink:href="http://xbrl.ifrs.org/taxonomy/2020-03-16/full_ifrs/full_ifrs-cor_2020-03-16.xsd#ifrs-full_CashFlowsUsedInObtainingControlOfSubsidiariesOrOtherBusinessesClassifiedAsInvestingActivities" xlink:label="ifrs-full_CashFlowsUsedInObtainingControlOfSubsidiariesOrOtherBusinessesClassifiedAsInvestingActivities" xlink:title="ifrs-full_CashFlowsUsedInObtainingControlOfSubsidiariesOrOtherBusinessesClassifiedAsInvestingActivities" />
    <link:calculationArc xlink:type="arc" xlink:arcrole="http://www.xbrl.org/2003/arcrole/summation-item" xlink:from="ifrs-full_CashFlowsFromUsedInInvestingActivities" xlink:to="ifrs-full_CashFlowsUsedInObtainingControlOfSubsidiariesOrOtherBusinessesClassifiedAsInvestingActivities" xlink:title="Calculation : ifrs-full_CashFlowsFromUsedInInvestingActivities to ifrs-full_CashFlowsUsedInObtainingControlOfSubsidiariesOrOtherBusinessesClassifiedAsInvestingActivities" order="3" weight="-1" use="optional" />
    <link:loc xlink:type="locator" xlink:href="http://xbrl.ifrs.org/taxonomy/2020-03-16/full_ifrs/full_ifrs-cor_2020-03-16.xsd#ifrs-full_CashFlowsFromLosingControlOfSubsidiariesOrOtherBusinessesClassifiedAsInvestingActivities" xlink:label="ifrs-full_CashFlowsFromLosingControlOfSubsidiariesOrOtherBusinessesClassifiedAsInvestingActivities" xlink:title="ifrs-full_CashFlowsFromLosingControlOfSubsidiariesOrOtherBusinessesClassifiedAsInvestingActivities" />
    <link:calculationArc xlink:type="arc" xlink:arcrole="http://www.xbrl.org/2003/arcrole/summation-item" xlink:from="ifrs-full_CashFlowsFromUsedInInvestingActivities" xlink:to="ifrs-full_CashFlowsFromLosingControlOfSubsidiariesOrOtherBusinessesClassifiedAsInvestingActivities" xlink:title="Calculation : ifrs-full_CashFlowsFromUsedInInvestingActivities to ifrs-full_CashFlowsFromLosingControlOfSubsidiariesOrOtherBusinessesClassifiedAsInvestingActivities" order="4" weight="1" use="optional" />
    <link:loc xlink:type="locator" xlink:href="http://xbrl.ifrs.org/taxonomy/2020-03-16/full_ifrs/full_ifrs-cor_2020-03-16.xsd#ifrs-full_CashAdvancesAndLoansMadeToRelatedParties" xlink:label="ifrs-full_CashAdvancesAndLoansMadeToRelatedParties" xlink:title="ifrs-full_CashAdvancesAndLoansMadeToRelatedParties" />
    <link:calculationArc xlink:type="arc" xlink:arcrole="http://www.xbrl.org/2003/arcrole/summation-item" xlink:from="ifrs-full_CashFlowsFromUsedInInvestingActivities" xlink:to="ifrs-full_CashAdvancesAndLoansMadeToRelatedParties" xlink:title="Calculation : ifrs-full_CashFlowsFromUsedInInvestingActivities to ifrs-full_CashAdvancesAndLoansMadeToRelatedParties" order="5" weight="-1" use="optional" />
    <link:loc xlink:type="locator" xlink:href="http://xbrl.ifrs.org/taxonomy/2020-03-16/full_ifrs/full_ifrs-cor_2020-03-16.xsd#ifrs-full_CashFlowsFromUsedInFinancingActivities" xlink:label="ifrs-full_CashFlowsFromUsedInFinancingActivities" xlink:title="ifrs-full_CashFlowsFromUsedInFinancingActivities" />
    <link:calculationArc xlink:type="arc" xlink:arcrole="http://www.xbrl.org/2003/arcrole/summation-item" xlink:from="ifrs-full_IncreaseDecreaseInCashAndCashEquivalentsBeforeEffectOfExchangeRateChanges" xlink:to="ifrs-full_CashFlowsFromUsedInFinancingActivities" xlink:title="Calculation : ifrs-full_IncreaseDecreaseInCashAndCashEquivalentsBeforeEffectOfExchangeRateChanges to ifrs-full_CashFlowsFromUsedInFinancingActivities" order="2" weight="1" use="optional" />
    <link:loc xlink:type="locator" xlink:href="http://xbrl.ifrs.org/taxonomy/2020-03-16/full_ifrs/full_ifrs-cor_2020-03-16.xsd#ifrs-full_ProceedsFromBorrowingsClassifiedAsFinancingActivities" xlink:label="ifrs-full_ProceedsFromBorrowingsClassifiedAsFinancingActivities" xlink:title="ifrs-full_ProceedsFromBorrowingsClassifiedAsFinancingActivities" />
    <link:calculationArc xlink:type="arc" xlink:arcrole="http://www.xbrl.org/2003/arcrole/summation-item" xlink:from="ifrs-full_CashFlowsFromUsedInFinancingActivities" xlink:to="ifrs-full_ProceedsFromBorrowingsClassifiedAsFinancingActivities" xlink:title="Calculation : ifrs-full_CashFlowsFromUsedInFinancingActivities to ifrs-full_ProceedsFromBorrowingsClassifiedAsFinancingActivities" order="0" weight="1" use="optional" />
    <link:loc xlink:type="locator" xlink:href="http://xbrl.ifrs.org/taxonomy/2020-03-16/full_ifrs/full_ifrs-cor_2020-03-16.xsd#ifrs-full_RepaymentsOfBorrowingsClassifiedAsFinancingActivities" xlink:label="ifrs-full_RepaymentsOfBorrowingsClassifiedAsFinancingActivities" xlink:title="ifrs-full_RepaymentsOfBorrowingsClassifiedAsFinancingActivities" />
    <link:calculationArc xlink:type="arc" xlink:arcrole="http://www.xbrl.org/2003/arcrole/summation-item" xlink:from="ifrs-full_CashFlowsFromUsedInFinancingActivities" xlink:to="ifrs-full_RepaymentsOfBorrowingsClassifiedAsFinancingActivities" xlink:title="Calculation : ifrs-full_CashFlowsFromUsedInFinancingActivities to ifrs-full_RepaymentsOfBorrowingsClassifiedAsFinancingActivities" order="1" weight="-1" use="optional" />
    <link:loc xlink:type="locator" xlink:href="http://xbrl.ifrs.org/taxonomy/2020-03-16/full_ifrs/full_ifrs-cor_2020-03-16.xsd#ifrs-full_PaymentsOfLeaseLiabilitiesClassifiedAsFinancingActivities" xlink:label="ifrs-full_PaymentsOfLeaseLiabilitiesClassifiedAsFinancingActivities" xlink:title="ifrs-full_PaymentsOfLeaseLiabilitiesClassifiedAsFinancingActivities" />
    <link:calculationArc xlink:type="arc" xlink:arcrole="http://www.xbrl.org/2003/arcrole/summation-item" xlink:from="ifrs-full_CashFlowsFromUsedInFinancingActivities" xlink:to="ifrs-full_PaymentsOfLeaseLiabilitiesClassifiedAsFinancingActivities" xlink:title="Calculation : ifrs-full_CashFlowsFromUsedInFinancingActivities to ifrs-full_PaymentsOfLeaseLiabilitiesClassifiedAsFinancingActivities" order="2" weight="-1" use="optional" />
    <link:loc xlink:type="locator" xlink:href="529900CQ5X4PTEPSZW88-2020-12-31.xsd#bpost_InterimDividendPaidToShareholdersClassifiedAsFinancingActivities" xlink:label="bpost_InterimDividendPaidToShareholdersClassifiedAsFinancingActivities" xlink:title="bpost_InterimDividendPaidToShareholdersClassifiedAsFinancingActivities" />
    <link:calculationArc xlink:type="arc" xlink:arcrole="http://www.xbrl.org/2003/arcrole/summation-item" xlink:from="ifrs-full_CashFlowsFromUsedInFinancingActivities" xlink:to="bpost_InterimDividendPaidToShareholdersClassifiedAsFinancingActivities" xlink:title="Calculation : ifrs-full_CashFlowsFromUsedInFinancingActivities to bpost_InterimDividendPaidToShareholdersClassifiedAsFinancingActivities" order="3" weight="-1" />
    <link:loc xlink:type="locator" xlink:href="http://xbrl.ifrs.org/taxonomy/2020-03-16/full_ifrs/full_ifrs-cor_2020-03-16.xsd#ifrs-full_DividendsPaidClassifiedAsFinancingActivities" xlink:label="ifrs-full_DividendsPaidClassifiedAsFinancingActivities" xlink:title="ifrs-full_DividendsPaidClassifiedAsFinancingActivities" />
    <link:calculationArc xlink:type="arc" xlink:arcrole="http://www.xbrl.org/2003/arcrole/summation-item" xlink:from="ifrs-full_CashFlowsFromUsedInFinancingActivities" xlink:to="ifrs-full_DividendsPaidClassifiedAsFinancingActivities" xlink:title="Calculation : ifrs-full_CashFlowsFromUsedInFinancingActivities to ifrs-full_DividendsPaidClassifiedAsFinancingActivities" order="4" weight="-1" use="optional" />
    <link:loc xlink:type="locator" xlink:href="http://xbrl.ifrs.org/taxonomy/2020-03-16/full_ifrs/full_ifrs-cor_2020-03-16.xsd#ifrs-full_EffectOfExchangeRateChangesOnCashAndCashEquivalents" xlink:label="ifrs-full_EffectOfExchangeRateChangesOnCashAndCashEquivalents" xlink:title="ifrs-full_EffectOfExchangeRateChangesOnCashAndCashEquivalents" />
    <link:calculationArc xlink:type="arc" xlink:arcrole="http://www.xbrl.org/2003/arcrole/summation-item" xlink:from="ifrs-full_IncreaseDecreaseInCashAndCashEquivalents" xlink:to="ifrs-full_EffectOfExchangeRateChangesOnCashAndCashEquivalents" xlink:title="Calculation : ifrs-full_IncreaseDecreaseInCashAndCashEquivalents to ifrs-full_EffectOfExchangeRateChangesOnCashAndCashEquivalents" order="1" weight="1" use="optional" />
  </link:calculationLink>
  <link:calculationLink xlink:type="extended" xlink:role="http://www.bpost.be/xbrl/role/Consolidatedstatementfinancialposition">
    <link:loc xlink:type="locator" xlink:href="http://xbrl.ifrs.org/taxonomy/2020-03-16/full_ifrs/full_ifrs-cor_2020-03-16.xsd#ifrs-full_Assets" xlink:label="ifrs-full_Assets" xlink:title="ifrs-full_Assets" />
    <link:loc xlink:type="locator" xlink:href="http://xbrl.ifrs.org/taxonomy/2020-03-16/full_ifrs/full_ifrs-cor_2020-03-16.xsd#ifrs-full_NoncurrentAssets" xlink:label="ifrs-full_NoncurrentAssets" xlink:title="ifrs-full_NoncurrentAssets" />
    <link:calculationArc xlink:type="arc" xlink:arcrole="http://www.xbrl.org/2003/arcrole/summation-item" xlink:from="ifrs-full_Assets" xlink:to="ifrs-full_NoncurrentAssets" xlink:title="Calculation : ifrs-full_Assets to ifrs-full_NoncurrentAssets" order="0" weight="1" use="optional" />
    <link:loc xlink:type="locator" xlink:href="http://xbrl.ifrs.org/taxonomy/2020-03-16/full_ifrs/full_ifrs-cor_2020-03-16.xsd#ifrs-full_PropertyPlantAndEquipment" xlink:label="ifrs-full_PropertyPlantAndEquipment" xlink:title="ifrs-full_PropertyPlantAndEquipment" />
    <link:calculationArc xlink:type="arc" xlink:arcrole="http://www.xbrl.org/2003/arcrole/summation-item" xlink:from="ifrs-full_NoncurrentAssets" xlink:to="ifrs-full_PropertyPlantAndEquipment" xlink:title="Calculation : ifrs-full_NoncurrentAssets to ifrs-full_PropertyPlantAndEquipment" order="0" weight="1" use="optional" />
    <link:loc xlink:type="locator" xlink:href="http://xbrl.ifrs.org/taxonomy/2020-03-16/full_ifrs/full_ifrs-cor_2020-03-16.xsd#ifrs-full_IntangibleAssetsAndGoodwill" xlink:label="ifrs-full_IntangibleAssetsAndGoodwill" xlink:title="ifrs-full_IntangibleAssetsAndGoodwill" />
    <link:calculationArc xlink:type="arc" xlink:arcrole="http://www.xbrl.org/2003/arcrole/summation-item" xlink:from="ifrs-full_NoncurrentAssets" xlink:to="ifrs-full_IntangibleAssetsAndGoodwill" xlink:title="Calculation : ifrs-full_NoncurrentAssets to ifrs-full_IntangibleAssetsAndGoodwill" order="1" weight="1" use="optional" />
    <link:loc xlink:type="locator" xlink:href="http://xbrl.ifrs.org/taxonomy/2020-03-16/full_ifrs/full_ifrs-cor_2020-03-16.xsd#ifrs-full_InvestmentAccountedForUsingEquityMethod" xlink:label="ifrs-full_InvestmentAccountedForUsingEquityMethod" xlink:title="ifrs-full_InvestmentAccountedForUsingEquityMethod" />
    <link:calculationArc xlink:type="arc" xlink:arcrole="http://www.xbrl.org/2003/arcrole/summation-item" xlink:from="ifrs-full_NoncurrentAssets" xlink:to="ifrs-full_InvestmentAccountedForUsingEquityMethod" xlink:title="Calculation : ifrs-full_NoncurrentAssets to ifrs-full_InvestmentAccountedForUsingEquityMethod" order="2" weight="1" use="optional" />
    <link:loc xlink:type="locator" xlink:href="http://xbrl.ifrs.org/taxonomy/2020-03-16/full_ifrs/full_ifrs-cor_2020-03-16.xsd#ifrs-full_InvestmentProperty" xlink:label="ifrs-full_InvestmentProperty" xlink:title="ifrs-full_InvestmentProperty" />
    <link:calculationArc xlink:type="arc" xlink:arcrole="http://www.xbrl.org/2003/arcrole/summation-item" xlink:from="ifrs-full_NoncurrentAssets" xlink:to="ifrs-full_InvestmentProperty" xlink:title="Calculation : ifrs-full_NoncurrentAssets to ifrs-full_InvestmentProperty" order="3" weight="1" use="optional" />
    <link:loc xlink:type="locator" xlink:href="http://xbrl.ifrs.org/taxonomy/2020-03-16/full_ifrs/full_ifrs-cor_2020-03-16.xsd#ifrs-full_DeferredTaxAssets" xlink:label="ifrs-full_DeferredTaxAssets" xlink:title="ifrs-full_DeferredTaxAssets" />
    <link:calculationArc xlink:type="arc" xlink:arcrole="http://www.xbrl.org/2003/arcrole/summation-item" xlink:from="ifrs-full_NoncurrentAssets" xlink:to="ifrs-full_DeferredTaxAssets" xlink:title="Calculation : ifrs-full_NoncurrentAssets to ifrs-full_DeferredTaxAssets" order="4" weight="1" use="optional" />
    <link:loc xlink:type="locator" xlink:href="http://xbrl.ifrs.org/taxonomy/2020-03-16/full_ifrs/full_ifrs-cor_2020-03-16.xsd#ifrs-full_NoncurrentReceivables" xlink:label="ifrs-full_NoncurrentReceivables" xlink:title="ifrs-full_NoncurrentReceivables" />
    <link:calculationArc xlink:type="arc" xlink:arcrole="http://www.xbrl.org/2003/arcrole/summation-item" xlink:from="ifrs-full_NoncurrentAssets" xlink:to="ifrs-full_NoncurrentReceivables" xlink:title="Calculation : ifrs-full_NoncurrentAssets to ifrs-full_NoncurrentReceivables" order="5" weight="1" use="optional" />
    <link:loc xlink:type="locator" xlink:href="http://xbrl.ifrs.org/taxonomy/2020-03-16/full_ifrs/full_ifrs-cor_2020-03-16.xsd#ifrs-full_CurrentAssetsOtherThanAssetsOrDisposalGroupsClassifiedAsHeldForSaleOrAsHeldForDistributionToOwners" xlink:label="ifrs-full_CurrentAssetsOtherThanAssetsOrDisposalGroupsClassifiedAsHeldForSaleOrAsHeldForDistributionToOwners" xlink:title="ifrs-full_CurrentAssetsOtherThanAssetsOrDisposalGroupsClassifiedAsHeldForSaleOrAsHeldForDistributionToOwners" />
    <link:calculationArc xlink:type="arc" xlink:arcrole="http://www.xbrl.org/2003/arcrole/summation-item" xlink:from="ifrs-full_Assets" xlink:to="ifrs-full_CurrentAssetsOtherThanAssetsOrDisposalGroupsClassifiedAsHeldForSaleOrAsHeldForDistributionToOwners" xlink:title="Calculation : ifrs-full_Assets to ifrs-full_CurrentAssetsOtherThanAssetsOrDisposalGroupsClassifiedAsHeldForSaleOrAsHeldForDistributionToOwners" order="1" weight="1" use="optional" />
    <link:loc xlink:type="locator" xlink:href="http://xbrl.ifrs.org/taxonomy/2020-03-16/full_ifrs/full_ifrs-cor_2020-03-16.xsd#ifrs-full_Inventories" xlink:label="ifrs-full_Inventories" xlink:title="ifrs-full_Inventories" />
    <link:calculationArc xlink:type="arc" xlink:arcrole="http://www.xbrl.org/2003/arcrole/summation-item" xlink:from="ifrs-full_CurrentAssetsOtherThanAssetsOrDisposalGroupsClassifiedAsHeldForSaleOrAsHeldForDistributionToOwners" xlink:to="ifrs-full_Inventories" xlink:title="Calculation : ifrs-full_CurrentAssetsOtherThanAssetsOrDisposalGroupsClassifiedAsHeldForSaleOrAsHeldForDistributionToOwners to ifrs-full_Inventories" order="0" weight="1" use="optional" />
    <link:loc xlink:type="locator" xlink:href="http://xbrl.ifrs.org/taxonomy/2020-03-16/full_ifrs/full_ifrs-cor_2020-03-16.xsd#ifrs-full_CurrentTaxAssetsCurrent" xlink:label="ifrs-full_CurrentTaxAssetsCurrent" xlink:title="ifrs-full_CurrentTaxAssetsCurrent" />
    <link:calculationArc xlink:type="arc" xlink:arcrole="http://www.xbrl.org/2003/arcrole/summation-item" xlink:from="ifrs-full_CurrentAssetsOtherThanAssetsOrDisposalGroupsClassifiedAsHeldForSaleOrAsHeldForDistributionToOwners" xlink:to="ifrs-full_CurrentTaxAssetsCurrent" xlink:title="Calculation : ifrs-full_CurrentAssetsOtherThanAssetsOrDisposalGroupsClassifiedAsHeldForSaleOrAsHeldForDistributionToOwners to ifrs-full_CurrentTaxAssetsCurrent" order="1" weight="1" use="optional" />
    <link:loc xlink:type="locator" xlink:href="http://xbrl.ifrs.org/taxonomy/2020-03-16/full_ifrs/full_ifrs-cor_2020-03-16.xsd#ifrs-full_TradeAndOtherCurrentReceivables" xlink:label="ifrs-full_TradeAndOtherCurrentReceivables" xlink:title="ifrs-full_TradeAndOtherCurrentReceivables" />
    <link:calculationArc xlink:type="arc" xlink:arcrole="http://www.xbrl.org/2003/arcrole/summation-item" xlink:from="ifrs-full_CurrentAssetsOtherThanAssetsOrDisposalGroupsClassifiedAsHeldForSaleOrAsHeldForDistributionToOwners" xlink:to="ifrs-full_TradeAndOtherCurrentReceivables" xlink:title="Calculation : ifrs-full_CurrentAssetsOtherThanAssetsOrDisposalGroupsClassifiedAsHeldForSaleOrAsHeldForDistributionToOwners to ifrs-full_TradeAndOtherCurrentReceivables" order="2" weight="1" use="optional" />
    <link:loc xlink:type="locator" xlink:href="http://xbrl.ifrs.org/taxonomy/2020-03-16/full_ifrs/full_ifrs-cor_2020-03-16.xsd#ifrs-full_CashAndCashEquivalents" xlink:label="ifrs-full_CashAndCashEquivalents" xlink:title="ifrs-full_CashAndCashEquivalents" />
    <link:calculationArc xlink:type="arc" xlink:arcrole="http://www.xbrl.org/2003/arcrole/summation-item" xlink:from="ifrs-full_CurrentAssetsOtherThanAssetsOrDisposalGroupsClassifiedAsHeldForSaleOrAsHeldForDistributionToOwners" xlink:to="ifrs-full_CashAndCashEquivalents" xlink:title="Calculation : ifrs-full_CurrentAssetsOtherThanAssetsOrDisposalGroupsClassifiedAsHeldForSaleOrAsHeldForDistributionToOwners to ifrs-full_CashAndCashEquivalents" order="3" weight="1" use="optional" />
    <link:loc xlink:type="locator" xlink:href="http://xbrl.ifrs.org/taxonomy/2020-03-16/full_ifrs/full_ifrs-cor_2020-03-16.xsd#ifrs-full_NoncurrentAssetsOrDisposalGroupsClassifiedAsHeldForSale" xlink:label="ifrs-full_NoncurrentAssetsOrDisposalGroupsClassifiedAsHeldForSale" xlink:title="ifrs-full_NoncurrentAssetsOrDisposalGroupsClassifiedAsHeldForSale" />
    <link:calculationArc xlink:type="arc" xlink:arcrole="http://www.xbrl.org/2003/arcrole/summation-item" xlink:from="ifrs-full_Assets" xlink:to="ifrs-full_NoncurrentAssetsOrDisposalGroupsClassifiedAsHeldForSale" xlink:title="Calculation : ifrs-full_Assets to ifrs-full_NoncurrentAssetsOrDisposalGroupsClassifiedAsHeldForSale" order="2" weight="1" use="optional" />
    <link:loc xlink:type="locator" xlink:href="http://xbrl.ifrs.org/taxonomy/2020-03-16/full_ifrs/full_ifrs-cor_2020-03-16.xsd#ifrs-full_EquityAndLiabilities" xlink:label="ifrs-full_EquityAndLiabilities" xlink:title="ifrs-full_EquityAndLiabilities" />
    <link:loc xlink:type="locator" xlink:href="http://xbrl.ifrs.org/taxonomy/2020-03-16/full_ifrs/full_ifrs-cor_2020-03-16.xsd#ifrs-full_Equity" xlink:label="ifrs-full_Equity" xlink:title="ifrs-full_Equity" />
    <link:calculationArc xlink:type="arc" xlink:arcrole="http://www.xbrl.org/2003/arcrole/summation-item" xlink:from="ifrs-full_EquityAndLiabilities" xlink:to="ifrs-full_Equity" xlink:title="Calculation : ifrs-full_EquityAndLiabilities to ifrs-full_Equity" order="0" weight="1" use="optional" />
    <link:loc xlink:type="locator" xlink:href="http://xbrl.ifrs.org/taxonomy/2020-03-16/full_ifrs/full_ifrs-cor_2020-03-16.xsd#ifrs-full_EquityAttributableToOwnersOfParent" xlink:label="ifrs-full_EquityAttributableToOwnersOfParent" xlink:title="ifrs-full_EquityAttributableToOwnersOfParent" />
    <link:calculationArc xlink:type="arc" xlink:arcrole="http://www.xbrl.org/2003/arcrole/summation-item" xlink:from="ifrs-full_Equity" xlink:to="ifrs-full_EquityAttributableToOwnersOfParent" xlink:title="Calculation : ifrs-full_Equity to ifrs-full_EquityAttributableToOwnersOfParent" order="0" weight="1" use="optional" />
    <link:loc xlink:type="locator" xlink:href="http://xbrl.ifrs.org/taxonomy/2020-03-16/full_ifrs/full_ifrs-cor_2020-03-16.xsd#ifrs-full_IssuedCapital" xlink:label="ifrs-full_IssuedCapital" xlink:title="ifrs-full_IssuedCapital" />
    <link:calculationArc xlink:type="arc" xlink:arcrole="http://www.xbrl.org/2003/arcrole/summation-item" xlink:from="ifrs-full_EquityAttributableToOwnersOfParent" xlink:to="ifrs-full_IssuedCapital" xlink:title="Calculation : ifrs-full_EquityAttributableToOwnersOfParent to ifrs-full_IssuedCapital" order="0" weight="1" use="optional" />
    <link:loc xlink:type="locator" xlink:href="http://xbrl.ifrs.org/taxonomy/2020-03-16/full_ifrs/full_ifrs-cor_2020-03-16.xsd#ifrs-full_OtherReserves" xlink:label="ifrs-full_OtherReserves" xlink:title="ifrs-full_OtherReserves" />
    <link:calculationArc xlink:type="arc" xlink:arcrole="http://www.xbrl.org/2003/arcrole/summation-item" xlink:from="ifrs-full_EquityAttributableToOwnersOfParent" xlink:to="ifrs-full_OtherReserves" xlink:title="Calculation : ifrs-full_EquityAttributableToOwnersOfParent to ifrs-full_OtherReserves" order="1" weight="1" use="optional" />
    <link:loc xlink:type="locator" xlink:href="http://xbrl.ifrs.org/taxonomy/2020-03-16/full_ifrs/full_ifrs-cor_2020-03-16.xsd#ifrs-full_ReserveOfExchangeDifferencesOnTranslation" xlink:label="ifrs-full_ReserveOfExchangeDifferencesOnTranslation" xlink:title="ifrs-full_ReserveOfExchangeDifferencesOnTranslation" />
    <link:calculationArc xlink:type="arc" xlink:arcrole="http://www.xbrl.org/2003/arcrole/summation-item" xlink:from="ifrs-full_EquityAttributableToOwnersOfParent" xlink:to="ifrs-full_ReserveOfExchangeDifferencesOnTranslation" xlink:title="Calculation : ifrs-full_EquityAttributableToOwnersOfParent to ifrs-full_ReserveOfExchangeDifferencesOnTranslation" order="2" weight="1" use="optional" />
    <link:loc xlink:type="locator" xlink:href="http://xbrl.ifrs.org/taxonomy/2020-03-16/full_ifrs/full_ifrs-cor_2020-03-16.xsd#ifrs-full_RetainedEarnings" xlink:label="ifrs-full_RetainedEarnings" xlink:title="ifrs-full_RetainedEarnings" />
    <link:calculationArc xlink:type="arc" xlink:arcrole="http://www.xbrl.org/2003/arcrole/summation-item" xlink:from="ifrs-full_EquityAttributableToOwnersOfParent" xlink:to="ifrs-full_RetainedEarnings" xlink:title="Calculation : ifrs-full_EquityAttributableToOwnersOfParent to ifrs-full_RetainedEarnings" order="3" weight="1" use="optional" />
    <link:loc xlink:type="locator" xlink:href="529900CQ5X4PTEPSZW88-2020-12-31.xsd#bpost_ReservesOfNonFinancialAssetsHeldForSale" xlink:label="bpost_ReservesOfNonFinancialAssetsHeldForSale" xlink:title="bpost_ReservesOfNonFinancialAssetsHeldForSale" />
    <link:calculationArc xlink:type="arc" xlink:arcrole="http://www.xbrl.org/2003/arcrole/summation-item" xlink:from="ifrs-full_EquityAttributableToOwnersOfParent" xlink:to="bpost_ReservesOfNonFinancialAssetsHeldForSale" xlink:title="Calculation : ifrs-full_EquityAttributableToOwnersOfParent to bpost_ReservesOfNonFinancialAssetsHeldForSale" order="4" weight="1" />
    <link:loc xlink:type="locator" xlink:href="http://xbrl.ifrs.org/taxonomy/2020-03-16/full_ifrs/full_ifrs-cor_2020-03-16.xsd#ifrs-full_NoncontrollingInterests" xlink:label="ifrs-full_NoncontrollingInterests" xlink:title="ifrs-full_NoncontrollingInterests" />
    <link:calculationArc xlink:type="arc" xlink:arcrole="http://www.xbrl.org/2003/arcrole/summation-item" xlink:from="ifrs-full_Equity" xlink:to="ifrs-full_NoncontrollingInterests" xlink:title="Calculation : ifrs-full_Equity to ifrs-full_NoncontrollingInterests" order="1" weight="1" use="optional" />
    <link:loc xlink:type="locator" xlink:href="http://xbrl.ifrs.org/taxonomy/2020-03-16/full_ifrs/full_ifrs-cor_2020-03-16.xsd#ifrs-full_Liabilities" xlink:label="ifrs-full_Liabilities" xlink:title="ifrs-full_Liabilities" />
    <link:calculationArc xlink:type="arc" xlink:arcrole="http://www.xbrl.org/2003/arcrole/summation-item" xlink:from="ifrs-full_EquityAndLiabilities" xlink:to="ifrs-full_Liabilities" xlink:title="Calculation : ifrs-full_EquityAndLiabilities to ifrs-full_Liabilities" order="1" weight="1" use="optional" />
    <link:loc xlink:type="locator" xlink:href="http://xbrl.ifrs.org/taxonomy/2020-03-16/full_ifrs/full_ifrs-cor_2020-03-16.xsd#ifrs-full_NoncurrentLiabilities" xlink:label="ifrs-full_NoncurrentLiabilities" xlink:title="ifrs-full_NoncurrentLiabilities" />
    <link:calculationArc xlink:type="arc" xlink:arcrole="http://www.xbrl.org/2003/arcrole/summation-item" xlink:from="ifrs-full_Liabilities" xlink:to="ifrs-full_NoncurrentLiabilities" xlink:title="Calculation : ifrs-full_Liabilities to ifrs-full_NoncurrentLiabilities" order="0" weight="1" use="optional" />
    <link:loc xlink:type="locator" xlink:href="529900CQ5X4PTEPSZW88-2020-12-31.xsd#bpost_LongTermBorrowingsAndNonCurrentLeaseLiabilities" xlink:label="bpost_LongTermBorrowingsAndNonCurrentLeaseLiabilities" xlink:title="bpost_LongTermBorrowingsAndNonCurrentLeaseLiabilities" />
    <link:calculationArc xlink:type="arc" xlink:arcrole="http://www.xbrl.org/2003/arcrole/summation-item" xlink:from="ifrs-full_NoncurrentLiabilities" xlink:to="bpost_LongTermBorrowingsAndNonCurrentLeaseLiabilities" xlink:title="Calculation : ifrs-full_NoncurrentLiabilities to bpost_LongTermBorrowingsAndNonCurrentLeaseLiabilities" order="0" weight="1" />
    <link:loc xlink:type="locator" xlink:href="http://xbrl.ifrs.org/taxonomy/2020-03-16/full_ifrs/full_ifrs-cor_2020-03-16.xsd#ifrs-full_NoncurrentProvisionsForEmployeeBenefits" xlink:label="ifrs-full_NoncurrentProvisionsForEmployeeBenefits" xlink:title="ifrs-full_NoncurrentProvisionsForEmployeeBenefits" />
    <link:calculationArc xlink:type="arc" xlink:arcrole="http://www.xbrl.org/2003/arcrole/summation-item" xlink:from="ifrs-full_NoncurrentLiabilities" xlink:to="ifrs-full_NoncurrentProvisionsForEmployeeBenefits" xlink:title="Calculation : ifrs-full_NoncurrentLiabilities to ifrs-full_NoncurrentProvisionsForEmployeeBenefits" order="1" weight="1" use="optional" />
    <link:loc xlink:type="locator" xlink:href="http://xbrl.ifrs.org/taxonomy/2020-03-16/full_ifrs/full_ifrs-cor_2020-03-16.xsd#ifrs-full_NoncurrentPayables" xlink:label="ifrs-full_NoncurrentPayables" xlink:title="ifrs-full_NoncurrentPayables" />
    <link:calculationArc xlink:type="arc" xlink:arcrole="http://www.xbrl.org/2003/arcrole/summation-item" xlink:from="ifrs-full_NoncurrentLiabilities" xlink:to="ifrs-full_NoncurrentPayables" xlink:title="Calculation : ifrs-full_NoncurrentLiabilities to ifrs-full_NoncurrentPayables" order="2" weight="1" use="optional" />
    <link:loc xlink:type="locator" xlink:href="http://xbrl.ifrs.org/taxonomy/2020-03-16/full_ifrs/full_ifrs-cor_2020-03-16.xsd#ifrs-full_NoncurrentProvisions" xlink:label="ifrs-full_NoncurrentProvisions" xlink:title="ifrs-full_NoncurrentProvisions" />
    <link:calculationArc xlink:type="arc" xlink:arcrole="http://www.xbrl.org/2003/arcrole/summation-item" xlink:from="ifrs-full_NoncurrentLiabilities" xlink:to="ifrs-full_NoncurrentProvisions" xlink:title="Calculation : ifrs-full_NoncurrentLiabilities to ifrs-full_NoncurrentProvisions" order="3" weight="1" use="optional" />
    <link:loc xlink:type="locator" xlink:href="http://xbrl.ifrs.org/taxonomy/2020-03-16/full_ifrs/full_ifrs-cor_2020-03-16.xsd#ifrs-full_DeferredTaxLiabilities" xlink:label="ifrs-full_DeferredTaxLiabilities" xlink:title="ifrs-full_DeferredTaxLiabilities" />
    <link:calculationArc xlink:type="arc" xlink:arcrole="http://www.xbrl.org/2003/arcrole/summation-item" xlink:from="ifrs-full_NoncurrentLiabilities" xlink:to="ifrs-full_DeferredTaxLiabilities" xlink:title="Calculation : ifrs-full_NoncurrentLiabilities to ifrs-full_DeferredTaxLiabilities" order="4" weight="1" use="optional" />
    <link:loc xlink:type="locator" xlink:href="http://xbrl.ifrs.org/taxonomy/2020-03-16/full_ifrs/full_ifrs-cor_2020-03-16.xsd#ifrs-full_CurrentLiabilitiesOtherThanLiabilitiesIncludedInDisposalGroupsClassifiedAsHeldForSale" xlink:label="ifrs-full_CurrentLiabilitiesOtherThanLiabilitiesIncludedInDisposalGroupsClassifiedAsHeldForSale" xlink:title="ifrs-full_CurrentLiabilitiesOtherThanLiabilitiesIncludedInDisposalGroupsClassifiedAsHeldForSale" />
    <link:calculationArc xlink:type="arc" xlink:arcrole="http://www.xbrl.org/2003/arcrole/summation-item" xlink:from="ifrs-full_Liabilities" xlink:to="ifrs-full_CurrentLiabilitiesOtherThanLiabilitiesIncludedInDisposalGroupsClassifiedAsHeldForSale" xlink:title="Calculation : ifrs-full_Liabilities to ifrs-full_CurrentLiabilitiesOtherThanLiabilitiesIncludedInDisposalGroupsClassifiedAsHeldForSale" order="1" weight="1" use="optional" />
    <link:loc xlink:type="locator" xlink:href="529900CQ5X4PTEPSZW88-2020-12-31.xsd#bpost_CurrentBorrowingsAndCurrentPortionOfNoncurrentBorrowingsCurrentLeaseLiabilities" xlink:label="bpost_CurrentBorrowingsAndCurrentPortionOfNoncurrentBorrowingsCurrentLeaseLiabilities" xlink:title="bpost_CurrentBorrowingsAndCurrentPortionOfNoncurrentBorrowingsCurrentLeaseLiabilities" />
    <link:calculationArc xlink:type="arc" xlink:arcrole="http://www.xbrl.org/2003/arcrole/summation-item" xlink:from="ifrs-full_CurrentLiabilitiesOtherThanLiabilitiesIncludedInDisposalGroupsClassifiedAsHeldForSale" xlink:to="bpost_CurrentBorrowingsAndCurrentPortionOfNoncurrentBorrowingsCurrentLeaseLiabilities" xlink:title="Calculation : ifrs-full_CurrentLiabilitiesOtherThanLiabilitiesIncludedInDisposalGroupsClassifiedAsHeldForSale to bpost_CurrentBorrowingsAndCurrentPortionOfNoncurrentBorrowingsCurrentLeaseLiabilities" order="0" weight="1" />
    <link:loc xlink:type="locator" xlink:href="http://xbrl.ifrs.org/taxonomy/2020-03-16/full_ifrs/full_ifrs-cor_2020-03-16.xsd#ifrs-full_BankOverdraftsClassifiedAsCashEquivalents" xlink:label="ifrs-full_BankOverdraftsClassifiedAsCashEquivalents" xlink:title="ifrs-full_BankOverdraftsClassifiedAsCashEquivalents" />
    <link:calculationArc xlink:type="arc" xlink:arcrole="http://www.xbrl.org/2003/arcrole/summation-item" xlink:from="ifrs-full_CurrentLiabilitiesOtherThanLiabilitiesIncludedInDisposalGroupsClassifiedAsHeldForSale" xlink:to="ifrs-full_BankOverdraftsClassifiedAsCashEquivalents" xlink:title="Calculation : ifrs-full_CurrentLiabilitiesOtherThanLiabilitiesIncludedInDisposalGroupsClassifiedAsHeldForSale to ifrs-full_BankOverdraftsClassifiedAsCashEquivalents" order="1" weight="1" use="optional" />
    <link:loc xlink:type="locator" xlink:href="http://xbrl.ifrs.org/taxonomy/2020-03-16/full_ifrs/full_ifrs-cor_2020-03-16.xsd#ifrs-full_CurrentProvisions" xlink:label="ifrs-full_CurrentProvisions" xlink:title="ifrs-full_CurrentProvisions" />
    <link:calculationArc xlink:type="arc" xlink:arcrole="http://www.xbrl.org/2003/arcrole/summation-item" xlink:from="ifrs-full_CurrentLiabilitiesOtherThanLiabilitiesIncludedInDisposalGroupsClassifiedAsHeldForSale" xlink:to="ifrs-full_CurrentProvisions" xlink:title="Calculation : ifrs-full_CurrentLiabilitiesOtherThanLiabilitiesIncludedInDisposalGroupsClassifiedAsHeldForSale to ifrs-full_CurrentProvisions" order="2" weight="1" use="optional" />
    <link:loc xlink:type="locator" xlink:href="http://xbrl.ifrs.org/taxonomy/2020-03-16/full_ifrs/full_ifrs-cor_2020-03-16.xsd#ifrs-full_CurrentTaxLiabilitiesCurrent" xlink:label="ifrs-full_CurrentTaxLiabilitiesCurrent" xlink:title="ifrs-full_CurrentTaxLiabilitiesCurrent" />
    <link:calculationArc xlink:type="arc" xlink:arcrole="http://www.xbrl.org/2003/arcrole/summation-item" xlink:from="ifrs-full_CurrentLiabilitiesOtherThanLiabilitiesIncludedInDisposalGroupsClassifiedAsHeldForSale" xlink:to="ifrs-full_CurrentTaxLiabilitiesCurrent" xlink:title="Calculation : ifrs-full_CurrentLiabilitiesOtherThanLiabilitiesIncludedInDisposalGroupsClassifiedAsHeldForSale to ifrs-full_CurrentTaxLiabilitiesCurrent" order="3" weight="1" use="optional" />
    <link:loc xlink:type="locator" xlink:href="http://xbrl.ifrs.org/taxonomy/2020-03-16/full_ifrs/full_ifrs-cor_2020-03-16.xsd#ifrs-full_CurrentDerivativeFinancialLiabilities" xlink:label="ifrs-full_CurrentDerivativeFinancialLiabilities" xlink:title="ifrs-full_CurrentDerivativeFinancialLiabilities" />
    <link:calculationArc xlink:type="arc" xlink:arcrole="http://www.xbrl.org/2003/arcrole/summation-item" xlink:from="ifrs-full_CurrentLiabilitiesOtherThanLiabilitiesIncludedInDisposalGroupsClassifiedAsHeldForSale" xlink:to="ifrs-full_CurrentDerivativeFinancialLiabilities" xlink:title="Calculation : ifrs-full_CurrentLiabilitiesOtherThanLiabilitiesIncludedInDisposalGroupsClassifiedAsHeldForSale to ifrs-full_CurrentDerivativeFinancialLiabilities" order="4" weight="1" use="optional" />
    <link:loc xlink:type="locator" xlink:href="http://xbrl.ifrs.org/taxonomy/2020-03-16/full_ifrs/full_ifrs-cor_2020-03-16.xsd#ifrs-full_TradeAndOtherCurrentPayables" xlink:label="ifrs-full_TradeAndOtherCurrentPayables" xlink:title="ifrs-full_TradeAndOtherCurrentPayables" />
    <link:calculationArc xlink:type="arc" xlink:arcrole="http://www.xbrl.org/2003/arcrole/summation-item" xlink:from="ifrs-full_CurrentLiabilitiesOtherThanLiabilitiesIncludedInDisposalGroupsClassifiedAsHeldForSale" xlink:to="ifrs-full_TradeAndOtherCurrentPayables" xlink:title="Calculation : ifrs-full_CurrentLiabilitiesOtherThanLiabilitiesIncludedInDisposalGroupsClassifiedAsHeldForSale to ifrs-full_TradeAndOtherCurrentPayables" order="5" weight="1" use="optional" />
  </link:calculationLink>
  <link:calculationLink xlink:type="extended" xlink:role="http://www.bpost.be/xbrl/role/MandatoryTags" />
  <link:calculationLink xlink:type="extended" xlink:role="http://www.bpost.be/xbrl/role/ConsolidatedstatementofcomprehensiveincomeParenthetical" />
  <link:calculationLink xlink:type="extended" xlink:role="http://www.bpost.be/xbrl/role/ConsolidatedstatementofchangesinequityShareholdingofbpost" />
</link:linkbase>